,dataset,method,fitness_rule,fitness,ACC,MCC,avg_odds_diff,stat_par_diff,eq_opp_diff
0,compas_dataset_reader,simple_mlp_initializer,mcc_parity,-0.4174728652180378,0.3646677471636953,-0.2653366131815999,0.139841720924324,0.1521362520364378,0.0613918111325134
5,compas_dataset_reader,simple_mlp_initializer,mcc_odds,-0.5548825322180155,0.3387358184764992,-0.3065737026926716,0.2483088295253439,0.2557558619064451,0.1845785793154214
10,compas_dataset_reader,simple_mlp_initializer,mcc_opportunity,-0.4492376315750052,0.3241491085899514,-0.3425099040682002,0.2112846558326104,0.2366179209491619,0.1067277275068049
15,compas_dataset_reader,simple_mlp_initializer,acc_parity,0.2250621606807648,0.386547811993517,-0.2254383170553909,0.1436287409204074,0.1614856513127522,0.0745242380730883
20,compas_dataset_reader,simple_mlp_initializer,acc_odds,0.1896508308619007,0.3573743922204214,-0.2792475241243927,0.1677235613585206,0.1802128936849349,0.1442980069725732
25,compas_dataset_reader,simple_mlp_initializer,acc_opportunity,0.2105310105156529,0.359805510534846,-0.26896481853668,0.2119805162041457,0.2195743793652921,0.1492745000191931
30,compas_dataset_reader,simple_mlp_initializer,mcc_parity,-0.517916963633422,0.3500810372771475,-0.2859037482135334,0.2139571483655333,0.2320132154198886,0.1429430022067134
35,compas_dataset_reader,simple_mlp_initializer,mcc_odds,-0.489897198178956,0.3427876823338736,-0.3073633913769845,0.1825338068019715,0.2012431918649386,0.0990502975866269
40,compas_dataset_reader,simple_mlp_initializer,mcc_opportunity,-0.4824100828584445,0.3379254457050243,-0.3136399557200815,0.1926799944447575,0.2207365997246356,0.168770127138363
45,compas_dataset_reader,simple_mlp_initializer,acc_parity,0.1461257627064022,0.3670988654781199,-0.2641161871484371,0.2079279018012124,0.2209731027717176,0.1737962257764237
50,compas_dataset_reader,simple_mlp_initializer,acc_odds,0.117549027119097,0.3484602917341977,-0.2926308614218186,0.2309112646151007,0.2462155993388776,0.1612383900928792
55,compas_dataset_reader,simple_mlp_initializer,acc_opportunity,0.1905142446905237,0.3460291734197731,-0.3033961075728419,0.1816410139177083,0.2042035302749126,0.1555149287292493
60,compas_dataset_reader,simple_mlp_initializer,mcc_parity,-0.5820210526383927,0.3354943273905997,-0.3225444458602094,0.2319559170451192,0.2594766067781832,0.1848643394230494
65,compas_dataset_reader,simple_mlp_initializer,mcc_odds,-0.4394881986681755,0.3411669367909238,-0.307985886705067,0.1315023119631085,0.1598015873015872,0.1165480920262404
70,compas_dataset_reader,simple_mlp_initializer,mcc_opportunity,-0.3977680343078145,0.3581847649918963,-0.2731266114736205,0.150995435953922,0.1710072520256065,0.1246414228341939
75,compas_dataset_reader,simple_mlp_initializer,acc_parity,0.1195767498314878,0.3298217179902755,-0.329853290561794,0.1841111476624309,0.2102449681587876,0.1557309698564372
80,compas_dataset_reader,simple_mlp_initializer,acc_odds,0.1177756598090509,0.3622366288492706,-0.2672884212655241,0.2444609690402197,0.2578850053680066,0.1759995266178819
85,compas_dataset_reader,simple_mlp_initializer,acc_opportunity,0.2013464456891816,0.3427876823338736,-0.3024694809009209,0.179268412439993,0.1988894163681613,0.1414412366446919
90,compas_dataset_reader,simple_mlp_initializer,mcc_parity,-0.5127729224328529,0.3371150729335494,-0.3175942202383474,0.1735616856505747,0.1951787021945054,0.1175538808620937
95,compas_dataset_reader,simple_mlp_initializer,mcc_odds,-0.497384069114152,0.333063209076175,-0.3284083724371076,0.1689756966770444,0.1887913887913888,0.1064555564318952
100,compas_dataset_reader,simple_mlp_initializer,mcc_opportunity,-0.4457387384725658,0.3427876823338736,-0.3070349811075508,0.1688955716441277,0.2016999961377228,0.138703757365015
105,compas_dataset_reader,simple_mlp_initializer,acc_parity,0.1125946972078043,0.3387358184764992,-0.3185235568461689,0.2072645579582372,0.2261411212686948,0.1579181135427602
110,compas_dataset_reader,simple_mlp_initializer,acc_odds,0.196764407131242,0.3314424635332252,-0.3240744972686608,0.1346780564019832,0.1693062655514325,0.1189888364104765
115,compas_dataset_reader,simple_mlp_initializer,acc_opportunity,0.0906043447605064,0.3363047001620745,-0.3165798590290825,0.1963795894654899,0.2385718955011323,0.245700355401568
120,compas_dataset_reader,simple_mlp_initializer,mcc_parity,-0.5268595248681442,0.3306320907617504,-0.3220356974149764,0.1944475637011898,0.2048238274531678,0.1050060435132957
125,compas_dataset_reader,simple_mlp_initializer,mcc_odds,-0.4138250260376035,0.3549432739059968,-0.2828466322515126,0.1309783937860909,0.1543932801547015,0.0758547008547008
130,compas_dataset_reader,simple_mlp_initializer,mcc_opportunity,-0.3822677869228942,0.3670988654781199,-0.2553957287286281,0.170358073099553,0.1838474778233814,0.1268720581942661
135,compas_dataset_reader,simple_mlp_initializer,acc_parity,0.1899074580723472,0.359805510534846,-0.2751761678964987,0.1475109810208739,0.1698980524624987,0.1163957040102472
140,compas_dataset_reader,simple_mlp_initializer,acc_odds,0.1211228977475698,0.3225283630470016,-0.348001750468669,0.2014054652994318,0.2199063320799478,0.1538558626782784
145,compas_dataset_reader,simple_mlp_initializer,acc_opportunity,0.2589453546624908,0.3484602917341977,-0.2873902931027398,0.1545871898980825,0.1683987335424994,0.0895149370717069
150,compas_dataset_reader,simple_mlp_initializer,mcc_parity,-0.4530035783971225,0.3614262560777957,-0.2687225441160882,0.1718607946123887,0.1842810342810342,0.103169961398994
155,compas_dataset_reader,simple_mlp_initializer,mcc_odds,-0.4292148089452071,0.3508914100486223,-0.2897631769444311,0.1394516320007759,0.1705804932114159,0.1466165413533834
160,compas_dataset_reader,simple_mlp_initializer,mcc_opportunity,-0.3819538333003352,0.3517017828200972,-0.2777661622647598,0.1497894039185584,0.1611899932386747,0.1041876710355754
165,compas_dataset_reader,simple_mlp_initializer,acc_parity,0.1036171640138455,0.3622366288492706,-0.2678590360542063,0.2425251006028201,0.2586194648354251,0.1953486075449338
170,compas_dataset_reader,simple_mlp_initializer,acc_odds,0.2192646325105189,0.3573743922204214,-0.268158187857433,0.1381097597099024,0.1555564905869058,0.1007061911892481
175,compas_dataset_reader,simple_mlp_initializer,acc_opportunity,0.2231866821700698,0.3541329011345219,-0.2751087360168155,0.1840323214328647,0.1986193986193986,0.130946218964452
180,compas_dataset_reader,simple_mlp_initializer,mcc_parity,-0.4886775639379278,0.3468395461912479,-0.2834171356946145,0.192115184207941,0.2052604282433133,0.1300904977375565
185,compas_dataset_reader,simple_mlp_initializer,mcc_odds,-0.484388905843054,0.3363047001620745,-0.3121957811691079,0.1721931246739461,0.1938445319706575,0.1096311567247792
190,compas_dataset_reader,simple_mlp_initializer,mcc_opportunity,-0.4949521687333744,0.3427876823338736,-0.3000920545741867,0.2469077398906099,0.2654868028793717,0.1948601141591876
195,compas_dataset_reader,simple_mlp_initializer,acc_parity,0.1393140399883485,0.3606158833063209,-0.2676730504141337,0.2110530307734128,0.2213018433179723,0.1454531630170316
200,compas_dataset_reader,simple_mlp_initializer,acc_odds,0.0723915375258217,0.3500810372771475,-0.2875279602490445,0.2776894997513257,0.285873657788314,0.1955598780556231
205,compas_dataset_reader,simple_mlp_initializer,acc_opportunity,0.1743902223255334,0.3654781199351701,-0.2562133440930138,0.2428581713193158,0.2534836035774013,0.1910878976096367
210,compas_dataset_reader,simple_mlp_initializer,mcc_parity,-0.5483995241852535,0.3468395461912479,-0.3045885492956874,0.2208710206756757,0.243810974889566,0.1710833587166209
215,compas_dataset_reader,simple_mlp_initializer,mcc_odds,-0.4501256839183323,0.3679092382495948,-0.2655738541261432,0.1845518297921891,0.2012141827888408,0.1175823045267489
220,compas_dataset_reader,simple_mlp_initializer,mcc_opportunity,-0.3940805026748109,0.3460291734197731,-0.299978072183874,0.1508390940333472,0.175300504853921,0.0941024304909368
225,compas_dataset_reader,simple_mlp_initializer,acc_parity,0.1008439825716056,0.3346839546191248,-0.3189113670842168,0.2031693496750177,0.2338399720475192,0.1558156613507167
230,compas_dataset_reader,simple_mlp_initializer,acc_odds,0.207590230617071,0.3371150729335494,-0.3159891895823528,0.1295248423164784,0.1443805010155721,0.0890148830616584
235,compas_dataset_reader,simple_mlp_initializer,acc_opportunity,0.200715876956482,0.3687196110210697,-0.2544821608317576,0.1863818302348577,0.2064080497815437,0.1680037340645876
240,compas_dataset_reader,simple_mlp_initializer,mcc_parity,-0.4723986486279373,0.3703403565640194,-0.2616059476756929,0.188137769941229,0.2107927009522444,0.1580636877247046
245,compas_dataset_reader,simple_mlp_initializer,mcc_odds,-0.4934782328287,0.3435980551053484,-0.3018893153777137,0.1915889174509864,0.2206772539524284,0.1567765567765567
250,compas_dataset_reader,simple_mlp_initializer,mcc_opportunity,-0.4257590905706181,0.3508914100486223,-0.2862770369586236,0.204431826202679,0.2144901022610001,0.1394820536119945
255,compas_dataset_reader,simple_mlp_initializer,acc_parity,0.1434153355189069,0.3354943273905997,-0.3262604884846175,0.1662087279034077,0.1920789918716927,0.0819264069264069
260,compas_dataset_reader,simple_mlp_initializer,acc_odds,0.137880291067963,0.3346839546191248,-0.3188927185142468,0.1968036635511618,0.2159318941927637,0.1424640344193967
265,compas_dataset_reader,simple_mlp_initializer,acc_opportunity,0.2883239818769614,0.3557536466774716,-0.2709401884463623,0.1143010970568715,0.1393139995341253,0.0674296648005102
270,compas_dataset_reader,simple_mlp_initializer,mcc_parity,-0.5349049756619741,0.359805510534846,-0.2747726088167172,0.2517347952274129,0.2601323668452568,0.172283101260608
275,compas_dataset_reader,simple_mlp_initializer,mcc_odds,-0.3659639504610411,0.3476499189627228,-0.275333769085148,0.0906301813758931,0.0993253060578597,0.0391255714424666
280,compas_dataset_reader,simple_mlp_initializer,mcc_opportunity,-0.4240708432838974,0.3517017828200972,-0.2882028714675641,0.1693270078601224,0.1906794186205951,0.1358679718163332
285,compas_dataset_reader,simple_mlp_initializer,acc_parity,0.1691560397740542,0.3776337115072933,-0.2347756084040601,0.2009428255318432,0.208477671733239,0.1611218664681062
290,compas_dataset_reader,simple_mlp_initializer,acc_odds,0.1357065254422735,0.3484602917341977,-0.2927777359189891,0.2127537662919242,0.2282527490486307,0.1530068486724833
295,compas_dataset_reader,simple_mlp_initializer,acc_opportunity,0.2726394913555336,0.3768233387358184,-0.2335569043152356,0.2139431934140082,0.2143597154871456,0.1041838473802848
300,compas_dataset_reader,simple_mlp_initializer,mcc_parity,-0.4847661566284297,0.3525121555915721,-0.2913068693794114,0.1738995426555264,0.1934592872490182,0.1569143417652274
305,compas_dataset_reader,simple_mlp_initializer,mcc_odds,-0.4647760320737416,0.353322528363047,-0.285044519201029,0.1797315128727126,0.1974645717087292,0.1485165844977974
310,compas_dataset_reader,simple_mlp_initializer,mcc_opportunity,-0.4508683888346357,0.3541329011345219,-0.273553574019821,0.2112531034653011,0.2194202108324245,0.1773148148148148
315,compas_dataset_reader,simple_mlp_initializer,acc_parity,0.1629590502022786,0.3614262560777957,-0.2673089165157915,0.1812196694431514,0.1984672058755171,0.1270308363331619
320,compas_dataset_reader,simple_mlp_initializer,acc_odds,0.1712288303854538,0.3849270664505672,-0.2227397551477118,0.2136982360651134,0.21505329537507,0.14041871846772
325,compas_dataset_reader,simple_mlp_initializer,acc_opportunity,0.1881600549923505,0.3565640194489465,-0.2791654324822082,0.2272179305297149,0.2462257254552966,0.168403964456596
330,compas_dataset_reader,simple_mlp_initializer,mcc_parity,-0.4625408997902588,0.3500810372771475,-0.2884377085487029,0.1518349113344788,0.174103191241556,0.137089717573027
335,compas_dataset_reader,simple_mlp_initializer,mcc_odds,-0.5351244304064923,0.3444084278768233,-0.3002479453476576,0.2348764850588346,0.2447356242045586,0.1744516422320718
340,compas_dataset_reader,simple_mlp_initializer,mcc_opportunity,-0.4550700088716053,0.3476499189627228,-0.2903641265186642,0.2152277586666726,0.2282378290239925,0.1647058823529411
345,compas_dataset_reader,simple_mlp_initializer,acc_parity,0.1453361195825586,0.3500810372771475,-0.2908539923864902,0.1768052688548993,0.2047449176945889,0.1765851730562926
350,compas_dataset_reader,simple_mlp_initializer,acc_odds,0.1639356074157446,0.3508914100486223,-0.2915327519263131,0.1869558026328776,0.2055914421253999,0.1649162290572643
355,compas_dataset_reader,simple_mlp_initializer,acc_opportunity,0.2968404306896849,0.3500810372771475,-0.2920325030741405,0.1366492050278353,0.1509531318846965,0.0532406065874625
360,compas_dataset_reader,simple_mlp_initializer,mcc_parity,-0.5375118268602739,0.3257698541329011,-0.3340232993088684,0.1696175631775558,0.2034885275514054,0.1313102897538045
365,compas_dataset_reader,simple_mlp_initializer,mcc_odds,-0.4677026213693005,0.3541329011345219,-0.2868519443166873,0.1808506770526131,0.1947802521503475,0.1097405697915008
370,compas_dataset_reader,simple_mlp_initializer,mcc_opportunity,-0.4702029784043583,0.3573743922204214,-0.270379114664822,0.2790714230930678,0.2839023886556068,0.1998238637395362
375,compas_dataset_reader,simple_mlp_initializer,acc_parity,0.1436217340669265,0.366288492706645,-0.2608200130519617,0.2076550522446044,0.2226667586397185,0.1357420357420357
380,compas_dataset_reader,simple_mlp_initializer,acc_odds,0.1310782443748923,0.3517017828200972,-0.2874880043441669,0.2206235384452049,0.2437495124142932,0.2062348062348062
385,compas_dataset_reader,simple_mlp_initializer,acc_opportunity,0.2248078797097728,0.3508914100486223,-0.2884423593267537,0.1924066437119348,0.2104645373485614,0.1260835303388495
390,compas_dataset_reader,simple_mlp_initializer,mcc_parity,-0.5939587934009133,0.3492706645056726,-0.2978937538880684,0.2787914155887683,0.2960650395128449,0.2021181987226129
395,compas_dataset_reader,simple_mlp_initializer,mcc_odds,-0.4564398296928614,0.3517017828200972,-0.2829872297503788,0.1734525999424825,0.1972936620208251,0.121654501216545
400,compas_dataset_reader,simple_mlp_initializer,mcc_opportunity,-0.4386851420784972,0.3460291734197731,-0.2962294247456584,0.1850426153383189,0.2052911702225916,0.1424557173328387
405,compas_dataset_reader,simple_mlp_initializer,acc_parity,0.1347509004697487,0.333063209076175,-0.3270938180619437,0.187522969875911,0.1983123086064262,0.1099580864286746
410,compas_dataset_reader,simple_mlp_initializer,acc_odds,0.2158456780928283,0.3638573743922204,-0.2612865744869056,0.1480116962993921,0.1616447419969877,0.0886051829268292
415,compas_dataset_reader,simple_mlp_initializer,acc_opportunity,0.2056427279354998,0.3241491085899514,-0.3505317134829381,0.1957235763966495,0.2134439327363078,0.1185063806544515
420,compas_dataset_reader,simple_mlp_initializer,mcc_parity,-0.5330129259884077,0.312803889789303,-0.368242721483911,0.1258144790901901,0.1647702045044966,0.064213448778881
425,compas_dataset_reader,simple_mlp_initializer,mcc_odds,-0.5177087857250309,0.3557536466774716,-0.2816752271692193,0.2360335585558114,0.2565701648920374,0.1944230769230769
430,compas_dataset_reader,simple_mlp_initializer,mcc_opportunity,-0.4393986805102979,0.3379254457050243,-0.3096144424907658,0.2050124981141096,0.2101900618273414,0.1297842380195321
435,compas_dataset_reader,simple_mlp_initializer,acc_parity,0.1481296075125484,0.3468395461912479,-0.3027501714260548,0.1818746581783603,0.1987099386786995,0.1031713141120517
440,compas_dataset_reader,simple_mlp_initializer,acc_odds,0.1211043654192872,0.3476499189627228,-0.2899521666695636,0.2265455535434355,0.2490985357947605,0.2202194357366771
445,compas_dataset_reader,simple_mlp_initializer,acc_opportunity,0.2427090202304032,0.3589951377633711,-0.259259676679692,0.1884099865875176,0.2007982666210514,0.1162861175329679
450,adult_dataset_reader,simple_mlp_initializer,mcc_parity,0.4072882054903395,0.8505251520176893,0.5804115028574828,0.0561292279020012,0.1731232973671432,0.0400162372345426
455,adult_dataset_reader,simple_mlp_initializer,mcc_odds,0.537077126148404,0.8541735765616363,0.5910965766612589,0.0540194505128549,0.1688970036553162,0.044528636250406
460,adult_dataset_reader,simple_mlp_initializer,mcc_opportunity,0.467563096315805,0.848424543946932,0.5809140925506407,0.1054533135011252,0.2141103137938898,0.1133509962348356
465,adult_dataset_reader,simple_mlp_initializer,acc_parity,0.6455334957699788,0.8485351022664456,0.5810295523487589,0.0904920455681359,0.2030016064964667,0.0847292167552182
470,adult_dataset_reader,simple_mlp_initializer,acc_odds,0.7574630468790631,0.8527363184079602,0.5966596051879492,0.095273271528897,0.2077745624000356,0.1021588879397374
475,adult_dataset_reader,simple_mlp_initializer,acc_opportunity,0.8512048398290678,0.8527363184079602,0.581665717848413,0.0328462801521818,0.1607947232947233,0.0015314785788923
480,adult_dataset_reader,simple_mlp_initializer,mcc_parity,0.3791914109303219,0.8470978441127694,0.5764103516672386,0.1215050598666282,0.1972189407369167,0.151981658326064
485,adult_dataset_reader,simple_mlp_initializer,mcc_odds,0.4643510258490833,0.8462133775566612,0.5638255215962422,0.0994744957471588,0.1897717314637482,0.1111516431474192
490,adult_dataset_reader,simple_mlp_initializer,mcc_opportunity,0.4571906601491294,0.8525152017689331,0.5867835101987819,0.1031886979010693,0.1934215790530939,0.1295928500496524
495,adult_dataset_reader,simple_mlp_initializer,acc_parity,0.6681531921528281,0.8507462686567164,0.5785705278387655,0.0867011305119503,0.1825930765038884,0.09640768588137
500,adult_dataset_reader,simple_mlp_initializer,acc_odds,0.7756043886955066,0.8470978441127694,0.5679493881730759,0.0714934554172628,0.1723087751901351,0.0731941481255714
505,adult_dataset_reader,simple_mlp_initializer,acc_opportunity,0.7255953651418048,0.8482034273079049,0.5730205239433834,0.1048039398915999,0.1902223666210138,0.1226080621661001
510,adult_dataset_reader,simple_mlp_initializer,mcc_parity,0.3898851791666742,0.849640685461581,0.5851944615990835,0.0972378091833874,0.1953092824324092,0.1117247647883847
515,adult_dataset_reader,simple_mlp_initializer,mcc_odds,0.5394289088018616,0.8514096185737977,0.5844583367731045,0.0450294279712429,0.1657333796809835,0.0177501462076288
520,adult_dataset_reader,simple_mlp_initializer,mcc_opportunity,0.5085897363648243,0.8466556108347153,0.5593989080082318,0.0609797527021803,0.1683909730477267,0.0508091716434074
525,adult_dataset_reader,simple_mlp_initializer,acc_parity,0.6753196565005294,0.854947484798231,0.5983698789194319,0.0860109186929836,0.1796278282977016,0.1009239170181127
530,adult_dataset_reader,simple_mlp_initializer,acc_odds,0.7282171312981689,0.8474295190713101,0.5819599070925998,0.1192123877731412,0.2126428450750127,0.1410392904685536
535,adult_dataset_reader,simple_mlp_initializer,acc_opportunity,0.8307867679559072,0.8451077943615257,0.5636258256074818,0.0418778424330593,0.1643592572164,0.0143210264056184
540,adult_dataset_reader,simple_mlp_initializer,mcc_parity,0.3873261311816743,0.8456605859590934,0.5673302808212871,0.0950393449487414,0.1800041496396128,0.1160890880079647
545,adult_dataset_reader,simple_mlp_initializer,mcc_odds,0.501368833589345,0.8443338861249309,0.5727424183243888,0.0713735847350437,0.1892919708756438,0.0586556427718535
550,adult_dataset_reader,simple_mlp_initializer,mcc_opportunity,0.5363757461371356,0.8537313432835821,0.5831245921973441,0.0592174487826323,0.1735097434269718,0.0467488460602085
555,adult_dataset_reader,simple_mlp_initializer,acc_parity,0.6397451356486479,0.8430071862907684,0.5738000717087621,0.099583262947162,0.2032620506421205,0.1055733423956786
560,adult_dataset_reader,simple_mlp_initializer,acc_odds,0.7864416889175945,0.8524046434494196,0.5810551759406547,0.0659629545318251,0.1894792191241074,0.0448139721627409
565,adult_dataset_reader,simple_mlp_initializer,acc_opportunity,0.7555546044035044,0.8495301271420674,0.5784795492105443,0.0962686841986076,0.1923157126878157,0.093975522738563
567,adult_dataset_reader,simple_mlp_initializer,mcc_parity,0.3860097867265489,0.8455500276395799,0.5731454386906132,0.0691305054137014,0.1871356519640643,0.0510808472821642
568,adult_dataset_reader,simple_mlp_initializer,mcc_parity,0.3901209963057529,0.8475400773908237,0.573992191835768,0.0755544096756276,0.183871195530015,0.0703356601766438
573,adult_dataset_reader,simple_mlp_initializer,mcc_odds,0.4685144803210891,0.8452183526810393,0.576828151893016,0.1083136715719268,0.2078202106734799,0.1213157926024562
578,adult_dataset_reader,simple_mlp_initializer,mcc_opportunity,0.4707544885576273,0.852072968490879,0.5942637263051658,0.1058230427387353,0.204443719077333,0.1235092377475384
583,adult_dataset_reader,simple_mlp_initializer,acc_parity,0.6589105748295285,0.8566058595909343,0.5986794321808386,0.0856852896809872,0.1976952847614057,0.0883738535055524
588,adult_dataset_reader,simple_mlp_initializer,acc_odds,0.7761428198749887,0.8451077943615257,0.5640939143024262,0.0689649744865371,0.1761197526454742,0.0584374999999999
593,adult_dataset_reader,simple_mlp_initializer,acc_opportunity,0.7316504111553908,0.845992260917634,0.5742610618491436,0.1003544638723531,0.1959308296589486,0.1143418497622432
598,adult_dataset_reader,simple_mlp_initializer,mcc_parity,0.4072810653181578,0.854947484798231,0.585527530427527,0.0797578230267944,0.1782464651093692,0.0900341138900048
603,adult_dataset_reader,simple_mlp_initializer,mcc_odds,0.47091079104707,0.8461028192371476,0.5681291668800116,0.0972183758329416,0.1828235176313323,0.1170433268928223
608,adult_dataset_reader,simple_mlp_initializer,mcc_opportunity,0.4782357829278321,0.8478717523493643,0.5721626065560701,0.0847266543187408,0.1793417587611695,0.093926823628238
613,adult_dataset_reader,simple_mlp_initializer,acc_parity,0.6519294925606005,0.8475400773908237,0.5723140825235548,0.0976794438297338,0.1956105848302231,0.1017761033369213
618,adult_dataset_reader,simple_mlp_initializer,acc_odds,0.7785412128436195,0.8505251520176893,0.5781229689724487,0.0719839391740697,0.1793114341627061,0.0668494064928254
623,adult_dataset_reader,simple_mlp_initializer,acc_opportunity,0.7056569840590912,0.8536207849640686,0.5898058397171257,0.1152996447118436,0.1983560632053354,0.1479638009049774
628,adult_dataset_reader,simple_mlp_initializer,mcc_parity,0.3945180929700688,0.8515201768933113,0.5842465153732953,0.1000909190041956,0.1897284224032265,0.1230964833240876
633,adult_dataset_reader,simple_mlp_initializer,mcc_odds,0.4790939395743983,0.8470978441127694,0.5691942335363045,0.0901002939619061,0.1779999228376608,0.1051253687315634
638,adult_dataset_reader,simple_mlp_initializer,mcc_opportunity,0.4724180663279579,0.8509673852957435,0.5815998343380583,0.0960414610760567,0.1868145137169672,0.1091817680101003
643,adult_dataset_reader,simple_mlp_initializer,acc_parity,0.680773067402048,0.8531785516860144,0.5859734335174092,0.0808642551010633,0.1724054842839663,0.090733479414139
648,adult_dataset_reader,simple_mlp_initializer,acc_odds,0.7592432441392615,0.8482034273079049,0.5775263215893169,0.0889601831686433,0.1853555010664426,0.1014235802506972
653,adult_dataset_reader,simple_mlp_initializer,acc_opportunity,0.7265941223436356,0.8488667772249862,0.5799974107528064,0.099556794017288,0.1854588254733304,0.1222726548813505
658,adult_dataset_reader,simple_mlp_initializer,mcc_parity,0.3988752523507907,0.8495301271420674,0.57300983201014,0.0720985950623645,0.1741345796593492,0.0732174104107722
663,adult_dataset_reader,simple_mlp_initializer,mcc_odds,0.4884435922381812,0.8468767274737424,0.5717360131404312,0.08329242090225,0.1799802981464461,0.0876243101914466
668,adult_dataset_reader,simple_mlp_initializer,mcc_opportunity,0.5347109268198191,0.854947484798231,0.5928371606531433,0.0672712229216283,0.1766827123969981,0.0581262338333241
673,adult_dataset_reader,simple_mlp_initializer,acc_parity,0.6619158803617553,0.8528468767274737,0.5816849645206441,0.0928118606587715,0.1909309963657184,0.109546165884194
678,adult_dataset_reader,simple_mlp_initializer,acc_odds,0.7693703676347926,0.8566058595909343,0.5876647873567179,0.0872354919561416,0.1851199596413018,0.0993888885112399
683,adult_dataset_reader,simple_mlp_initializer,acc_opportunity,0.7486531907604855,0.8503040353786623,0.588719614970749,0.0884050626237542,0.1887286036349466,0.1016508446181767
688,adult_dataset_reader,simple_mlp_initializer,mcc_parity,0.4152477940428711,0.8533996683250414,0.5866958086208437,0.0800145590455818,0.1714480145779726,0.0897643120801522
693,adult_dataset_reader,simple_mlp_initializer,mcc_odds,0.4604567103223812,0.849640685461581,0.5748355310358402,0.1143788207134589,0.1951661904045721,0.1397169028253989
698,adult_dataset_reader,simple_mlp_initializer,mcc_opportunity,0.5039297906464174,0.8507462686567164,0.5893358114930227,0.0846065532750332,0.1900927517619045,0.0854060208466053
703,adult_dataset_reader,simple_mlp_initializer,acc_parity,0.6653116420402814,0.851077943615257,0.5804156047135135,0.1091560207193992,0.1857663015749756,0.1466964055513262
708,adult_dataset_reader,simple_mlp_initializer,acc_odds,0.7350463694418156,0.849640685461581,0.5812119019688313,0.1145943160197654,0.2041832736940124,0.1414187643020594
713,adult_dataset_reader,simple_mlp_initializer,acc_opportunity,0.7190503100713197,0.8539524599226092,0.5841930974354378,0.1091514506581464,0.1967374787120865,0.1349021498512894
718,adult_dataset_reader,simple_mlp_initializer,mcc_parity,0.3969963083074326,0.8493090105030403,0.5830224416373287,0.0726261864664434,0.1860261333298961,0.0608044610129028
723,adult_dataset_reader,simple_mlp_initializer,mcc_odds,0.428662908926383,0.8426755113322277,0.561031932252427,0.132369023326044,0.2102674347383915,0.1619088275651776
728,adult_dataset_reader,simple_mlp_initializer,mcc_opportunity,0.5174949847420781,0.8456605859590934,0.5692943652085505,0.0634689449699859,0.1763495696303298,0.0517993804664723
733,adult_dataset_reader,simple_mlp_initializer,acc_parity,0.6834393280223816,0.8541735765616363,0.5849322358097545,0.0974296607837354,0.1707342485392546,0.1281081081081081
738,adult_dataset_reader,simple_mlp_initializer,acc_odds,0.7592562921210109,0.8477611940298507,0.5713029975875694,0.0885049019088398,0.1895233314103133,0.0944403744403744
743,adult_dataset_reader,simple_mlp_initializer,acc_opportunity,0.762042725636327,0.8493090105030403,0.5684018141013663,0.0843286458546665,0.1870452228694925,0.0872662848667132
748,adult_dataset_reader,simple_mlp_initializer,mcc_parity,0.4209802964203669,0.8570480928689884,0.6007741660260304,0.0711840023323633,0.1797938696056634,0.0671048043540879
753,adult_dataset_reader,simple_mlp_initializer,mcc_odds,0.4735638771045096,0.8542841348811498,0.5863678494533803,0.1128039723488706,0.2009317385912347,0.1400256467439786
758,adult_dataset_reader,simple_mlp_initializer,mcc_opportunity,0.4622362554529415,0.8541735765616363,0.5815254989056228,0.0896250666395825,0.1712942725398704,0.1192892434526812
763,adult_dataset_reader,simple_mlp_initializer,acc_parity,0.6808695970191714,0.8528468767274737,0.5773713585517453,0.0853933969263604,0.1719772797083023,0.1042604156133076
768,adult_dataset_reader,simple_mlp_initializer,acc_odds,0.7647352777592026,0.8532891100055279,0.5968357955359685,0.0885538322463253,0.1854949474718806,0.100352102677684
773,adult_dataset_reader,simple_mlp_initializer,acc_opportunity,0.7695466980035061,0.845771144278607,0.5770596792019046,0.080813662648581,0.1893864710004131,0.0762244462751009
778,adult_dataset_reader,simple_mlp_initializer,mcc_parity,0.387976683904882,0.8497512437810946,0.5745299295070863,0.1012929373132327,0.1865532456022042,0.1253121723527631
783,adult_dataset_reader,simple_mlp_initializer,mcc_odds,0.5266596821575555,0.8524046434494196,0.5858628701339555,0.0592031879763999,0.164548800987534,0.0536743468771645
788,adult_dataset_reader,simple_mlp_initializer,mcc_opportunity,0.4686714550244654,0.853510226644555,0.5877514185505275,0.105563573967736,0.202812126253674,0.1190799635260621
793,adult_dataset_reader,simple_mlp_initializer,acc_parity,0.676082579374288,0.8454394693200663,0.5564859032853956,0.0474357037353509,0.1693568899457783,0.0201370745218361
798,adult_dataset_reader,simple_mlp_initializer,acc_odds,0.7584248630934969,0.8449972360420122,0.5587005772824577,0.0865723729485152,0.1749080156562717,0.1022687206313184
803,adult_dataset_reader,simple_mlp_initializer,acc_opportunity,0.714826497968829,0.8525152017689331,0.5833782210576199,0.1106521227134405,0.203168967708611,0.1376887038001041
808,adult_dataset_reader,simple_mlp_initializer,mcc_parity,0.3766727056611219,0.8483139856274184,0.5819660665677021,0.110740566201068,0.2052933609065802,0.1312436289500509
813,adult_dataset_reader,simple_mlp_initializer,mcc_odds,0.4989876372542698,0.8562741846323936,0.5940196153788736,0.0950319781246037,0.1876700990432367,0.1099632373699035
818,adult_dataset_reader,simple_mlp_initializer,mcc_opportunity,0.5007908279422311,0.8493090105030403,0.5774404174737414,0.078852550134591,0.1868453584963973,0.0766495895315103
823,adult_dataset_reader,simple_mlp_initializer,acc_parity,0.6777617520001784,0.8493090105030403,0.5672800239947798,0.0679537153948101,0.1715472585028618,0.0695024452122243
828,adult_dataset_reader,simple_mlp_initializer,acc_odds,0.7587214239792616,0.8499723604201216,0.5834039606262609,0.09125093644086,0.1873469068590925,0.1008484458562869
833,adult_dataset_reader,simple_mlp_initializer,acc_opportunity,0.7264148124576485,0.8491984521835269,0.5753267915201732,0.0913964517543599,0.1722112057354341,0.1227836397258783
836,adult_dataset_reader,simple_mlp_initializer,mcc_parity,0.3967640146861548,0.849640685461581,0.5684092463906968,0.0638489856611857,0.171645231704542,0.0514570809307651
841,adult_dataset_reader,simple_mlp_initializer,mcc_odds,0.5198172647999455,0.8485351022664456,0.5746591382511277,0.0548418734511821,0.1741948334713878,0.0371762753774076
846,adult_dataset_reader,simple_mlp_initializer,mcc_opportunity,0.4406981964096863,0.8392482034273079,0.560122015432304,0.105866305541846,0.2015849896882833,0.1194238190226176
851,adult_dataset_reader,simple_mlp_initializer,acc_parity,0.6651224165600714,0.8432283029297954,0.5720971521927192,0.0622032357833455,0.178105886369724,0.0514376410996895
856,adult_dataset_reader,simple_mlp_initializer,acc_odds,0.7992148709665013,0.8506357103372029,0.5732918320292312,0.0514208393707015,0.1585714147003588,0.0424793912492074
861,adult_dataset_reader,simple_mlp_initializer,acc_opportunity,0.7789773165273883,0.8503040353786623,0.5869944212115674,0.0794629187346807,0.1982385442011354,0.0713267188512739
866,adult_dataset_reader,simple_mlp_initializer,mcc_parity,0.3810717517239929,0.8519624101713654,0.5838321868676036,0.1143191281689095,0.2027604351436107,0.148704723699152
871,adult_dataset_reader,simple_mlp_initializer,mcc_odds,0.4560604737151831,0.8424543946932007,0.5563545611724964,0.1002940874573132,0.1857745824833739,0.1155772369240395
876,adult_dataset_reader,simple_mlp_initializer,mcc_opportunity,0.4726596810152439,0.849640685461581,0.5744249977338317,0.0867080652372325,0.1788444727030266,0.1017653167185878
881,adult_dataset_reader,simple_mlp_initializer,acc_parity,0.6629342115895251,0.8521835268103924,0.5865617535663762,0.079557489762177,0.1892493152208673,0.0787493695453703
886,adult_dataset_reader,simple_mlp_initializer,acc_odds,0.7744218974302111,0.854726368159204,0.5956871957500949,0.0803044707289929,0.1832550602839801,0.0862393674075182
891,adult_dataset_reader,simple_mlp_initializer,acc_opportunity,0.7373382699442902,0.8442233278054173,0.5637285130398147,0.0935042424244244,0.1847364986131506,0.1068850578611271
896,adult_dataset_reader,simple_mlp_initializer,mcc_parity,0.4048229369499795,0.8550580431177446,0.5919988158961972,0.064923119247971,0.1871758789462176,0.0524929971988795
901,adult_dataset_reader,simple_mlp_initializer,mcc_odds,0.5110642973446419,0.8501934770591487,0.5814915689052798,0.0704272715606378,0.1782898995121052,0.0672070402964335
906,adult_dataset_reader,simple_mlp_initializer,mcc_opportunity,0.5237232552434341,0.849861802100608,0.5841851953920584,0.0722598481081562,0.1884494371099339,0.0604619401486242
911,adult_dataset_reader,simple_mlp_initializer,acc_parity,0.669665495026365,0.854947484798231,0.5846552251095896,0.089425275284957,0.185281989771866,0.1091795121700992
916,adult_dataset_reader,simple_mlp_initializer,acc_odds,0.7642053911145188,0.8428966279712549,0.558059398467678,0.078691236856736,0.1832531341341972,0.0763518728344582
1278,bank_dataset_reader,simple_mlp_initializer,mcc_parity,0.4854188126295671,0.905706789111184,0.5403136653474535,0.0025796985861508,0.0548948527178864,0.0044578839079743
1283,bank_dataset_reader,simple_mlp_initializer,mcc_odds,0.5123366930124513,0.9011151197113808,0.5339837403383891,0.0216470473259378,0.0725150310140533,0.0023383266350018
1288,bank_dataset_reader,simple_mlp_initializer,mcc_opportunity,0.3994540466133858,0.8989832732043292,0.5000230366560601,0.0897141464080859,0.1296683700411897,0.1005689900426742
1293,bank_dataset_reader,simple_mlp_initializer,acc_parity,0.7697353782822857,0.9042308953755328,0.5141200788925492,0.0655979330272841,0.1344955170932472,0.0360916700974338
1298,bank_dataset_reader,simple_mlp_initializer,acc_odds,0.8562096641832353,0.897179403082978,0.4968056897301238,0.0409697388997427,0.0884250341856464,0.0068681318681318
1303,bank_dataset_reader,simple_mlp_initializer,acc_opportunity,0.6648093576068493,0.9073466710396852,0.541410900294396,0.1572919362015768,0.1440606402377061,0.2425373134328358
1308,bank_dataset_reader,simple_mlp_initializer,mcc_parity,0.4075160049199566,0.8989832732043292,0.5169793883659176,0.0340147015896737,0.1094633834459609,0.0212197064512458
1313,bank_dataset_reader,simple_mlp_initializer,mcc_odds,0.4174188496949649,0.8925877336831748,0.4865770098338548,0.0691581601388899,0.1079420976018585,0.1014773077677795
1318,bank_dataset_reader,simple_mlp_initializer,mcc_opportunity,0.4174272707621299,0.902755001639882,0.5382718350029205,0.0710940918278848,0.085002027593025,0.1208445642407906
1323,bank_dataset_reader,simple_mlp_initializer,acc_parity,0.7878732948868002,0.9053788127254838,0.5327814969304688,0.1224921945154012,0.1175055178386835,0.1902724141530111
1328,bank_dataset_reader,simple_mlp_initializer,acc_odds,0.8371731749779654,0.8953755329616268,0.5016222143297798,0.0582023579836613,0.0168069445685642,0.1032851511169513
1333,bank_dataset_reader,simple_mlp_initializer,acc_opportunity,0.8529618868863917,0.9040669071826828,0.5344100155914904,0.0537082891646744,0.0955166046258519,0.0511050202962911
1338,bank_dataset_reader,simple_mlp_initializer,mcc_parity,0.4679639870815206,0.902591013447032,0.5292938017773067,0.035833469435198,0.061329814695786,0.044951590594744
1343,bank_dataset_reader,simple_mlp_initializer,mcc_odds,0.4221153642461617,0.8925877336831748,0.4954059496606536,0.0732905854144919,0.0387711092616179,0.1268315864508804
1348,bank_dataset_reader,simple_mlp_initializer,mcc_opportunity,0.3199336369174577,0.8988192850114791,0.5217310225383728,0.115721293402859,0.0235752491031155,0.201797385620915
1353,bank_dataset_reader,simple_mlp_initializer,acc_parity,0.8151932236133493,0.8991472613971794,0.5043935493188266,0.0336061858850747,0.08395403778383,0.0153203342618384
1358,bank_dataset_reader,simple_mlp_initializer,acc_odds,0.8440748156301564,0.9001311905542801,0.5192505073472147,0.0560563749241237,0.0973266655025634,0.0779881417598706
1363,bank_dataset_reader,simple_mlp_initializer,acc_opportunity,0.772454208299068,0.903082978025582,0.5290775244380731,0.1216759920061142,0.1884139284000164,0.1306287697265141
1368,bank_dataset_reader,simple_mlp_initializer,mcc_parity,0.429665102826058,0.8994752377828796,0.5121466711523752,0.0490414486474166,0.0824815683263172,0.0654891304347825
1373,bank_dataset_reader,simple_mlp_initializer,mcc_odds,0.4191789472709253,0.9080026238110857,0.5268949052584403,0.1077159579875149,0.1067847125679861,0.1563743620956036
1378,bank_dataset_reader,simple_mlp_initializer,mcc_opportunity,0.4793707049290217,0.9004591669399803,0.5219025810674552,0.0508464588021,0.0947882167404155,0.0425318761384335
1383,bank_dataset_reader,simple_mlp_initializer,acc_parity,0.8406903321892428,0.9055428009183338,0.559826071575112,0.0931109349757747,0.064852468729091,0.1533450904539765
1388,bank_dataset_reader,simple_mlp_initializer,acc_odds,0.8687027075420428,0.9076746474253854,0.5367470874301294,0.0389719398833425,0.1043389283166234,0.0331497348021215
1393,bank_dataset_reader,simple_mlp_initializer,acc_opportunity,0.8741517912297616,0.9035749426041324,0.5389261930804335,0.015568303500435,0.0562937366590334,0.0294231513743709
1398,bank_dataset_reader,simple_mlp_initializer,mcc_parity,0.4273447079171928,0.9022630370613316,0.5258126735180255,0.0412381386932281,0.0984679656008327,0.012884390813546
1403,bank_dataset_reader,simple_mlp_initializer,mcc_odds,0.4138585442287615,0.8993112495900295,0.5031777509899696,0.089319206761208,0.1064090754400444,0.1333178582482203
1408,bank_dataset_reader,simple_mlp_initializer,mcc_opportunity,0.4280480746466135,0.9002951787471302,0.5371284343797148,0.0919634856545421,0.0779114074779709,0.1090803597331012
1413,bank_dataset_reader,simple_mlp_initializer,acc_parity,0.797251977071134,0.9001311905542801,0.4879947333023021,0.0462600370063926,0.102879213483146,0.0390048928399145
1418,bank_dataset_reader,simple_mlp_initializer,acc_odds,0.7759762538143511,0.9070186946539848,0.5508317249075423,0.1310424408396337,0.1143840788053809,0.2118721461187215
1423,bank_dataset_reader,simple_mlp_initializer,acc_opportunity,0.8764384797627904,0.9020990488684816,0.5350172034962669,0.0499777731009723,0.0904432833305242,0.025660569105691
1428,bank_dataset_reader,simple_mlp_initializer,mcc_parity,0.4219851814997766,0.8968514266972778,0.5038907385025501,0.046810609644067,0.0819055570027734,0.0606469002695417
1433,bank_dataset_reader,simple_mlp_initializer,mcc_odds,0.4199065040711729,0.9034109544112824,0.5432665251101505,0.1233600210389775,0.1267131912681068,0.1923860796000769
1438,bank_dataset_reader,simple_mlp_initializer,mcc_opportunity,0.3911169705092796,0.8975073794686782,0.5147041485711659,0.0781097201572008,0.092640605598826,0.1235871780618862
1443,bank_dataset_reader,simple_mlp_initializer,acc_parity,0.8220342367217403,0.9004591669399803,0.5019166924994785,0.0374493372175401,0.07842493021824,0.0263157894736842
1448,bank_dataset_reader,simple_mlp_initializer,acc_odds,0.8047430394988189,0.8978353558543785,0.5029457921712488,0.0930923163555596,0.1323919488219691,0.1197588126159555
1453,bank_dataset_reader,simple_mlp_initializer,acc_opportunity,0.7419152224595008,0.8991472613971794,0.5191452867858258,0.1014587086363849,0.1177299604872821,0.1572320389376785
1458,bank_dataset_reader,simple_mlp_initializer,mcc_parity,0.4013284341172103,0.8925877336831748,0.4903996100764591,0.0552533163194783,0.0890711759592487,0.0629746835443038
1463,bank_dataset_reader,simple_mlp_initializer,mcc_odds,0.4187398362716122,0.9011151197113808,0.5150849587470151,0.0963451224754028,0.1395250591035755,0.1340128112082295
1468,bank_dataset_reader,simple_mlp_initializer,mcc_opportunity,0.3350520637568595,0.9032469662184324,0.5265070679620739,0.1083399879611176,0.1171935071512988,0.1914550042052144
1473,bank_dataset_reader,simple_mlp_initializer,acc_parity,0.7992240178990048,0.9035749426041324,0.5041397973259756,0.0425585868238794,0.1043509247051277,0.0450631119499823
1478,bank_dataset_reader,simple_mlp_initializer,acc_odds,0.8606243084925672,0.894227615611676,0.516847601409339,0.0336033071191087,0.0832092078537576,0.0183077684314696
1483,bank_dataset_reader,simple_mlp_initializer,acc_opportunity,0.8764855797943956,0.9019350606756312,0.5359965158172193,0.0264071778648916,0.0948101236350089,0.0254494808812357
1488,bank_dataset_reader,simple_mlp_initializer,mcc_parity,0.3923138336998646,0.9016070842899312,0.5329804450239176,0.0824418236203901,0.1406666113240529,0.1045877061469265
1493,bank_dataset_reader,simple_mlp_initializer,mcc_odds,0.4074306426927414,0.8970154148901279,0.4949311330732152,0.0875004903804738,0.101574654347282,0.1422024718789057
1498,bank_dataset_reader,simple_mlp_initializer,mcc_opportunity,0.5062299359041966,0.9012791079042308,0.5153085765617846,0.0317718696947971,0.0830687942068036,0.009078640657588
1503,bank_dataset_reader,simple_mlp_initializer,acc_parity,0.7741687864839714,0.8940636274188258,0.4967221486136585,0.0564307603530191,0.1198948409348544,0.0731395556918987
1508,bank_dataset_reader,simple_mlp_initializer,acc_odds,0.8526808706949418,0.905706789111184,0.5309276576131178,0.0530259184162421,0.0924239205480907,0.0610300269591893
1513,bank_dataset_reader,simple_mlp_initializer,acc_opportunity,0.8331309273558791,0.8912758281403739,0.5067221959834026,0.0370668034570229,0.0625646293442903,0.0581449007844946
1518,bank_dataset_reader,simple_mlp_initializer,mcc_parity,0.3777830670986143,0.8958674975401771,0.4942413697103497,0.0979808412726689,0.1164583026117353,0.1480682670667666
1523,bank_dataset_reader,simple_mlp_initializer,mcc_odds,0.4328181134070944,0.89996720236143,0.486046714176405,0.0532286007693106,0.0344442442803098,0.1009908406823521
1528,bank_dataset_reader,simple_mlp_initializer,mcc_opportunity,0.42386869796054,0.8994752377828796,0.5292717683400178,0.0992220264216374,0.1567272946278005,0.1054030703794777
1533,bank_dataset_reader,simple_mlp_initializer,acc_parity,0.7779698035139587,0.9007871433256806,0.5128807408070739,0.1152930374249882,0.1228173398117218,0.1904098224655716
1538,bank_dataset_reader,simple_mlp_initializer,acc_odds,0.8584566224429951,0.9020990488684816,0.5320657400520518,0.0436424264254863,0.0627880831928049,0.0461159530125047
1543,bank_dataset_reader,simple_mlp_initializer,acc_opportunity,0.7357239130092182,0.9039029189898328,0.5379157357873161,0.1142750819580242,0.1283575947545118,0.1681790059806145
1548,bank_dataset_reader,simple_mlp_initializer,mcc_parity,0.4090932036360605,0.9022630370613316,0.531299493393878,0.0505689046543698,0.1222062897578175,0.0274137931034482
1553,bank_dataset_reader,simple_mlp_initializer,mcc_odds,0.4504327480826215,0.903082978025582,0.5144206213296965,0.0639878732470748,0.0891183331936412,0.0978788653207258
1558,bank_dataset_reader,simple_mlp_initializer,mcc_opportunity,0.4812816771269865,0.9037389307969826,0.5372627827059474,0.0492323922782806,0.0744815173006662,0.0559811055789608
1563,bank_dataset_reader,simple_mlp_initializer,acc_parity,0.7369124128290219,0.9006231551328304,0.5248395886040865,0.1492531194707224,0.1637107423038086,0.2116071428571428
1568,bank_dataset_reader,simple_mlp_initializer,acc_odds,0.7437944882516145,0.8947195801902263,0.4919347181886367,0.1509250919386118,0.16856210142727,0.2676742317734485
1573,bank_dataset_reader,simple_mlp_initializer,acc_opportunity,0.7913167570494481,0.9066907182682848,0.5424425613012508,0.0839595148929287,0.1154189118907315,0.1153739612188365
1578,bank_dataset_reader,simple_mlp_initializer,mcc_parity,0.4390572302141957,0.9017710724827812,0.5591775612193582,0.0639921645135658,0.1201203310051624,0.0380983750548967
1583,bank_dataset_reader,simple_mlp_initializer,mcc_odds,0.4166948148544809,0.9009511315185308,0.5077509005760191,0.0910560857215382,0.1174403847843009,0.138927738927739
1588,bank_dataset_reader,simple_mlp_initializer,mcc_opportunity,0.4507623881105483,0.8945555919973762,0.4940849910769432,0.0481461906546471,0.1007027715041871,0.0433226029663948
1593,bank_dataset_reader,simple_mlp_initializer,acc_parity,0.8839113798708086,0.9129222695965892,0.5386172958420676,0.0229758179563285,0.0290108897257804,0.0417278511992168
1598,bank_dataset_reader,simple_mlp_initializer,acc_odds,0.759948631556544,0.9019350606756312,0.5210866070821463,0.1419864291190873,0.1264686356476376,0.2044642857142857
1603,bank_dataset_reader,simple_mlp_initializer,acc_opportunity,0.7967635076195261,0.902591013447032,0.5352122301875085,0.0760981512418844,0.1197350208642978,0.1058275058275057
1608,bank_dataset_reader,simple_mlp_initializer,mcc_parity,0.3919066672747859,0.9014430960970812,0.5149694806432116,0.0878369833134445,0.1230628133684256,0.1007809992510966
1613,bank_dataset_reader,simple_mlp_initializer,mcc_odds,0.4697129032270792,0.9009511315185308,0.5270413308433954,0.0573284276163161,0.0502182547844648,0.108532475490196
1618,bank_dataset_reader,simple_mlp_initializer,mcc_opportunity,0.4372284899979812,0.8981633322400787,0.5103992217052984,0.0651135479447708,0.0819757098116481,0.0731707317073171
1623,bank_dataset_reader,simple_mlp_initializer,acc_parity,0.7549670880154504,0.9017710724827812,0.4960447587153506,0.1073332696495164,0.1468039844673307,0.0878084850725575
1628,bank_dataset_reader,simple_mlp_initializer,acc_odds,0.8511595853530075,0.8955395211544769,0.5054495702528216,0.0443799358014694,0.054551501461968,0.0778523489932885
1633,bank_dataset_reader,simple_mlp_initializer,acc_opportunity,0.8340472544800305,0.902591013447032,0.5074024270189671,0.0606604733959318,0.1066156369600875,0.0685437589670013
1638,bank_dataset_reader,simple_mlp_initializer,mcc_parity,0.4066645866425371,0.905706789111184,0.5424379621497619,0.1040534750615551,0.1357733755072248,0.124084249084249
1643,bank_dataset_reader,simple_mlp_initializer,mcc_odds,0.4984438228312614,0.908494588389636,0.5482387564736193,0.0497949336423578,0.113819083084663,0.0145021997718755
1648,bank_dataset_reader,simple_mlp_initializer,mcc_opportunity,0.4361166175729655,0.8993112495900295,0.521026243466198,0.0633534142056162,0.0589077502168766,0.0849096258932324
1653,bank_dataset_reader,simple_mlp_initializer,acc_parity,0.8153754701022553,0.9032469662184324,0.502147284213025,0.0433223025430081,0.0878714961161769,0.0465465465465465
1658,bank_dataset_reader,simple_mlp_initializer,acc_odds,0.8247709367700218,0.9047228599540832,0.5284158545281622,0.0799519231840614,0.1380253730939133,0.0845583494519665
1663,bank_dataset_reader,simple_mlp_initializer,acc_opportunity,0.7937537195033086,0.9089865529681864,0.5499563347917642,0.0693802144939208,0.0908186589908567,0.1152328334648776
1668,bank_dataset_reader,simple_mlp_initializer,mcc_parity,0.4637983036726353,0.9066907182682848,0.5265824902674484,0.039229940717143,0.062784186594813,0.0461839717260483
1673,bank_dataset_reader,simple_mlp_initializer,mcc_odds,0.4385689382997656,0.9019350606756312,0.5228347157745982,0.0842657774748325,0.1087235955390113,0.1060178224357328
1678,bank_dataset_reader,simple_mlp_initializer,mcc_opportunity,0.4833576696295492,0.8968514266972778,0.4889132251851047,0.0107663724037201,0.0631020545638262,0.0055555555555555
1683,bank_dataset_reader,simple_mlp_initializer,acc_parity,0.7885626114383547,0.9002951787471302,0.5200401595164706,0.0677193150282511,0.1117325673087755,0.0801825074646894
1688,bank_dataset_reader,simple_mlp_initializer,acc_odds,0.84692171685984,0.9035749426041324,0.5371986852989019,0.0566532257442925,0.1056379905843346,0.0683767001774098
1693,bank_dataset_reader,simple_mlp_initializer,acc_opportunity,0.7354219986777574,0.9022630370613316,0.5301515580964088,0.1261137559067629,0.1545919579548805,0.1668410383835742
1698,bank_dataset_reader,simple_mlp_initializer,mcc_parity,0.4378621902079661,0.9020990488684816,0.5237650413688247,0.0541019796201065,0.0859028511608586,0.0755728554641598
1703,bank_dataset_reader,simple_mlp_initializer,mcc_odds,0.4087109350209609,0.8998032141685799,0.4972061539844469,0.088495218963486,0.1141986101770903,0.1371385083713851
1708,bank_dataset_reader,simple_mlp_initializer,mcc_opportunity,0.519359903767166,0.9061987536897343,0.5331896910012086,0.0443123516060933,0.1181193935063904,0.0138297872340426
1713,bank_dataset_reader,simple_mlp_initializer,acc_parity,0.7891088181953837,0.9022630370613316,0.5494222178142801,0.0564894557783924,0.1131542188659478,0.080325311942959
1718,bank_dataset_reader,simple_mlp_initializer,acc_odds,0.7653859834702903,0.9045588717612332,0.510116070591336,0.1391728882909428,0.0781447178488372,0.2468082823731359
1723,bank_dataset_reader,simple_mlp_initializer,acc_opportunity,0.844639711837162,0.8996392259757298,0.5177645729794055,0.0627070613450389,0.1103878388406303,0.0549995141385677
1728,bank_dataset_reader,simple_mlp_initializer,mcc_parity,0.3493068684664581,0.8978353558543785,0.5000483581867142,0.1321276040874829,0.1507414897202561,0.1890116237094795
1733,bank_dataset_reader,simple_mlp_initializer,mcc_odds,0.4792373318488385,0.898491308625779,0.518615032073793,0.0393777002249545,0.0806869105906755,0.0260256713127018
1738,bank_dataset_reader,simple_mlp_initializer,mcc_opportunity,0.4111590695594065,0.905706789111184,0.5267435922885543,0.082825233364837,0.0566168794667951,0.1155845227291477
1743,bank_dataset_reader,simple_mlp_initializer,acc_parity,0.8287232277187364,0.8925877336831748,0.4881141625552113,0.0367102196982921,0.0638645059644384,0.0313541888345037
1748,bank_dataset_reader,simple_mlp_initializer,acc_odds,0.8599412118385035,0.902918989832732,0.5235057534691856,0.0429777779942284,0.0891120373878994,0.0368490205446726
1753,bank_dataset_reader,simple_mlp_initializer,acc_opportunity,0.7758431859420738,0.8963594621187274,0.5263208767438957,0.0726410164166045,0.1331886679172381,0.1205162761766536
1,german_dataset_reader,simple_mlp_initializer,mcc_parity,0.0633397472699948,0.735,0.2808085529740946,0.2278843718338399,0.2174688057040997,0.181959219858156
5,german_dataset_reader,simple_mlp_initializer,mcc_odds,0.3109621616674542,0.78,0.3966785488401521,0.0857163871726979,0.1121323529411765,0.1365842894969109
9,german_dataset_reader,simple_mlp_initializer,mcc_opportunity,0.3008357814571742,0.755,0.3148819030504657,0.0427373465109314,0.0245221781464118,0.0140461215932914
13,german_dataset_reader,simple_mlp_initializer,acc_parity,0.5594333058143649,0.765,0.3483413503275191,0.2534871177341261,0.2055666941856351,0.1180853465793633
17,german_dataset_reader,simple_mlp_initializer,acc_odds,0.6857743476036159,0.735,0.3548424021645513,0.0492256523963841,0.085587210001202,0.0309090909090908
21,german_dataset_reader,simple_mlp_initializer,acc_opportunity,0.5845938104448742,0.705,0.2849501380883701,0.2455479223637697,0.2283531409168081,0.1204061895551257
25,german_dataset_reader,simple_mlp_initializer,mcc_parity,0.3303238470974645,0.76,0.4279174299851651,0.1413772423863162,0.0975935828877005,0.0870098039215686
29,german_dataset_reader,simple_mlp_initializer,mcc_odds,0.3820176838992434,0.765,0.4396275241661841,0.0576098402669407,0.032441200324412,0.033824331696672
33,german_dataset_reader,simple_mlp_initializer,mcc_opportunity,0.3998944300864429,0.805,0.4915123638096398,0.1594453304979621,0.1976190476190475,0.0916179337231969
37,german_dataset_reader,simple_mlp_initializer,acc_parity,0.5807831112159453,0.74,0.3620195116986834,0.1310009839136052,0.1592168887840547,0.0355062413314839
41,german_dataset_reader,simple_mlp_initializer,acc_odds,0.5925851816770595,0.73,0.3303571428571428,0.1374148183229405,0.1632267956126901,0.1470518588681032
45,german_dataset_reader,simple_mlp_initializer,acc_opportunity,0.7276707441386341,0.745,0.3079408810257198,0.0973743053500377,0.0952380952380953,0.0173292558613659
49,german_dataset_reader,simple_mlp_initializer,mcc_parity,0.1507787015245687,0.685,0.1839717824034841,0.0230405405405405,0.0331930808789153,0.0394144144144144
53,german_dataset_reader,simple_mlp_initializer,mcc_odds,0.2519310445759815,0.715,0.2932599875006692,0.0413289429246876,0.0648351648351648,0.0151975683890578
57,german_dataset_reader,simple_mlp_initializer,mcc_opportunity,0.2875238846523838,0.725,0.3169356493582662,0.0184896661367249,0.0628611864606675,0.0294117647058823
61,german_dataset_reader,simple_mlp_initializer,acc_parity,0.702775091402288,0.77,0.3617659078064745,0.0609890109890109,0.067224908597712,0.0076923076923076
65,german_dataset_reader,simple_mlp_initializer,acc_odds,0.6395056465762226,0.725,0.3031436717249308,0.0854943534237774,0.0604869527240965,0.0900363258951738
69,german_dataset_reader,simple_mlp_initializer,acc_opportunity,0.6317991520932698,0.715,0.2549711490590361,0.1491454689984102,0.0476471281990801,0.0832008479067302
73,german_dataset_reader,simple_mlp_initializer,mcc_parity,0.271462703346957,0.755,0.3334983207546703,0.0367751060820368,0.0620356174077132,0.0735502121640736
77,german_dataset_reader,simple_mlp_initializer,mcc_odds,0.3004307974891175,0.75,0.3726061405304064,0.0721753430412889,0.0547619047619046,0.0650667986145472
81,german_dataset_reader,simple_mlp_initializer,mcc_opportunity,0.4076264981068917,0.795,0.444408107302294,0.0414677276746242,0.0222222222222222,0.0367816091954023
85,german_dataset_reader,simple_mlp_initializer,acc_parity,0.6469812591179441,0.75,0.3786629508765596,0.0522889512181708,0.1030187408820558,0.011578947368421
89,german_dataset_reader,simple_mlp_initializer,acc_odds,0.667648746602235,0.81,0.4962901724789144,0.142351253397765,0.1282051282051282,0.019767441860465
93,german_dataset_reader,simple_mlp_initializer,acc_opportunity,0.7504351984696317,0.76,0.3257272684438136,0.0254074007651841,0.0241971958389869,0.0095648015303683
97,german_dataset_reader,simple_mlp_initializer,mcc_parity,0.288125707186233,0.765,0.4405066595671854,0.1315659048578303,0.1523809523809524,0.0871483728626585
101,german_dataset_reader,simple_mlp_initializer,mcc_odds,0.2457556399701023,0.73,0.2948131915450357,0.0490575515749334,0.0422794117647058,0.0028770079117717
105,german_dataset_reader,simple_mlp_initializer,mcc_opportunity,0.3259190116886537,0.785,0.389269351824708,0.1026978973407544,0.1065934065934066,0.0633503401360543
109,german_dataset_reader,simple_mlp_initializer,acc_parity,0.6211904761904762,0.745,0.381771634006757,0.1401315789473684,0.1238095238095238,0.0802631578947369
113,german_dataset_reader,simple_mlp_initializer,acc_odds,0.6589593510448957,0.745,0.3605079180983851,0.0860406489551043,0.0971479500891264,0.0713947990543735
117,german_dataset_reader,simple_mlp_initializer,acc_opportunity,0.7701190476190477,0.785,0.459505950842428,0.0298763736263736,0.0467914438502674,0.0148809523809523
121,german_dataset_reader,simple_mlp_initializer,mcc_parity,0.1979158752117573,0.74,0.2683523831482652,0.0635026737967914,0.0704365079365079,0.0032679738562091
125,german_dataset_reader,simple_mlp_initializer,mcc_odds,0.2266735641921755,0.745,0.3096285005526846,0.0829549363605091,0.002283105022831,0.0816993464052288
129,german_dataset_reader,simple_mlp_initializer,mcc_opportunity,0.0671024122863295,0.69,0.2043794499923579,0.1603678421612848,0.1608228143992519,0.1372770377060284
133,german_dataset_reader,simple_mlp_initializer,acc_parity,0.608048433048433,0.775,0.3957420046589517,0.1865805937638908,0.166951566951567,0.060326962928851
137,german_dataset_reader,simple_mlp_initializer,acc_odds,0.6425105042016807,0.71,0.1981424529612343,0.0674894957983193,0.0535612535612536,0.0374999999999999
141,german_dataset_reader,simple_mlp_initializer,acc_opportunity,0.6822849462365591,0.73,0.3198000928520202,0.0946908602150537,0.0946180555555555,0.0477150537634408
145,german_dataset_reader,simple_mlp_initializer,mcc_parity,0.036709061094525,0.72,0.2264422135142447,0.1912502340459609,0.1897331524197196,0.1216779572694111
149,german_dataset_reader,simple_mlp_initializer,mcc_odds,0.3515627262409946,0.76,0.3919850490162586,0.0404223227752639,0.060515873015873,0.0717948717948718
153,german_dataset_reader,simple_mlp_initializer,mcc_opportunity,0.2641912055116755,0.705,0.3356643640634856,0.0545748838284952,0.0752688172043011,0.0714731585518101
157,german_dataset_reader,simple_mlp_initializer,acc_parity,0.6771428571428572,0.77,0.3558119533286127,0.1375135921989547,0.0928571428571428,0.0201252236135957
161,german_dataset_reader,simple_mlp_initializer,acc_odds,0.5698208321690419,0.665,0.169310935397857,0.0951791678309582,0.1059829059829059,0.0881069285324605
165,german_dataset_reader,simple_mlp_initializer,acc_opportunity,0.7785449735449735,0.805,0.4504944361471513,0.0310846560846561,0.0661764705882352,0.0264550264550265
169,german_dataset_reader,simple_mlp_initializer,mcc_parity,0.2657203067598889,0.765,0.4135151670449299,0.1276182881446038,0.1477948602850409,0.1380116959064327
173,german_dataset_reader,simple_mlp_initializer,mcc_odds,0.0810609527648301,0.695,0.2775977493016266,0.1965367965367965,0.0194357366771159,0.1567099567099567
177,german_dataset_reader,simple_mlp_initializer,mcc_opportunity,0.313868208205299,0.75,0.3222084917749404,0.0654446515887423,0.0952030425714636,0.0083402835696414
181,german_dataset_reader,simple_mlp_initializer,acc_parity,0.5988095238095238,0.725,0.3120390524326771,0.1119945585889858,0.1261904761904762,0.0732714138286894
185,german_dataset_reader,simple_mlp_initializer,acc_odds,0.50883430295195,0.75,0.343868082257307,0.24116569704805,0.1898083216456287,0.0558608058608058
189,german_dataset_reader,simple_mlp_initializer,acc_opportunity,0.7725252525252524,0.82,0.5124341786196102,0.120959595959596,0.1319127346524606,0.0474747474747475
193,german_dataset_reader,simple_mlp_initializer,mcc_parity,0.1868729621711637,0.77,0.3623715376697393,0.2363949440977565,0.1754985754985755,0.0585284280936454
197,german_dataset_reader,simple_mlp_initializer,mcc_odds,0.2763467087346248,0.755,0.3783440294020222,0.1019973206673974,0.0252729726413937,0.0518207282913165
201,german_dataset_reader,simple_mlp_initializer,mcc_opportunity,0.2045957890145589,0.745,0.3201898484204995,0.1000675611039364,0.0762368207623681,0.1155940594059405
205,german_dataset_reader,simple_mlp_initializer,acc_parity,0.6342005610098177,0.745,0.381771634006757,0.0528577500039352,0.1107994389901823,0.0381479324403029
209,german_dataset_reader,simple_mlp_initializer,acc_odds,0.6773515381410119,0.755,0.3872225241748662,0.0776484618589881,0.0029761904761904,0.0406770406770405
213,german_dataset_reader,simple_mlp_initializer,acc_opportunity,0.7317776584317938,0.735,0.3387112657806849,0.0172361707841031,0.0736263736263737,0.0032223415682062
217,german_dataset_reader,simple_mlp_initializer,mcc_parity,0.3560363110746284,0.76,0.3717221230807613,0.0208333333333333,0.0156858120061328,0.0178571428571429
221,german_dataset_reader,simple_mlp_initializer,mcc_odds,0.2372121001153413,0.74,0.3233205751865144,0.086108475071173,0.1002805049088358,0.015074092999489
225,german_dataset_reader,simple_mlp_initializer,mcc_opportunity,0.4028864418642449,0.765,0.4329071457979923,0.1442786446498005,0.1332061497026148,0.0300207039337474
229,german_dataset_reader,simple_mlp_initializer,acc_parity,0.6598640116561438,0.74,0.3055661656760704,0.1369047619047619,0.0801359883438561,0.0238095238095238
233,german_dataset_reader,simple_mlp_initializer,acc_odds,0.6603724523248928,0.77,0.3901889225095736,0.1096275476751071,0.0983455882352941,0.0904792606920267
237,german_dataset_reader,simple_mlp_initializer,acc_opportunity,0.697391304347826,0.73,0.3244114203590187,0.0879506892895016,0.0604870384917517,0.0326086956521739
241,german_dataset_reader,simple_mlp_initializer,mcc_parity,0.2558010302812723,0.72,0.3311706660548028,0.053464544089544,0.0753696357735305,0.0746058558558557
245,german_dataset_reader,simple_mlp_initializer,mcc_odds,0.3682645487383529,0.785,0.402467497675737,0.0342029489373841,0.0571428571428571,0.0108401084010839
249,german_dataset_reader,simple_mlp_initializer,mcc_opportunity,0.3382605205844651,0.785,0.4557862937803413,0.2608220886571402,0.2222976028946177,0.1175257731958762
253,german_dataset_reader,simple_mlp_initializer,acc_parity,0.7016239316239317,0.77,0.4091585441924857,0.0449926090169992,0.0683760683760683,0.0066518847006651
257,german_dataset_reader,simple_mlp_initializer,acc_odds,0.7066484280006948,0.775,0.4232551887079749,0.0683515719993052,0.0792546290836183,0.0577557755775577
261,german_dataset_reader,simple_mlp_initializer,acc_opportunity,0.5238722655267789,0.72,0.2914363768855951,0.2241603584646807,0.2358974358974359,0.196127734473221
265,german_dataset_reader,simple_mlp_initializer,mcc_parity,0.1212401449624445,0.745,0.3299911769237607,0.207950377562028,0.2087510319613161,0.0903451995685005
269,german_dataset_reader,simple_mlp_initializer,mcc_odds,0.2234761262835506,0.735,0.3339615146221998,0.1104853883386492,0.1103130961732689,0.0819746376811594
273,german_dataset_reader,simple_mlp_initializer,mcc_opportunity,0.2476805193428738,0.73,0.2561325840615408,0.0385397578495296,0.0512820512820513,0.0084520647186669
277,german_dataset_reader,simple_mlp_initializer,acc_parity,0.7430555555555556,0.75,0.3224658748402413,0.0145838980753592,0.0069444444444444,0.0101201771030993
281,german_dataset_reader,simple_mlp_initializer,acc_odds,0.644980711527811,0.715,0.2549711490590361,0.0700192884721889,0.098005698005698,0.1080019636720667
285,german_dataset_reader,simple_mlp_initializer,acc_opportunity,0.7099358974358975,0.75,0.3827956110848362,0.0524995837495837,0.0595238095238095,0.0400641025641025
289,german_dataset_reader,simple_mlp_initializer,mcc_parity,0.3140572056631562,0.71,0.3309222850282355,0.0774200903744856,0.0168650793650793,0.0895995390377413
293,german_dataset_reader,simple_mlp_initializer,mcc_odds,0.2695754442112473,0.735,0.3490899587257619,0.0795145145145145,0.0886339937434828,0.0188888888888888
297,german_dataset_reader,simple_mlp_initializer,mcc_opportunity,0.1909355102322999,0.725,0.2847730452463055,0.109226459814695,0.0899122807017543,0.0938375350140056
301,german_dataset_reader,simple_mlp_initializer,acc_parity,0.7247619047619047,0.77,0.4076558488188896,0.1053898768809849,0.0452380952380953,0.0137209302325581
305,german_dataset_reader,simple_mlp_initializer,acc_odds,0.7172265122265122,0.76,0.3691362007790552,0.0427734877734877,0.032441200324412,0.0147619047619047
309,german_dataset_reader,simple_mlp_initializer,acc_opportunity,0.6129653679653679,0.745,0.2810527649131933,0.1958560256947354,0.0853333333333332,0.132034632034632
313,german_dataset_reader,simple_mlp_initializer,mcc_parity,0.2461761938590836,0.765,0.3379440751006491,0.0717643467643467,0.0917678812415654,0.0705128205128204
317,german_dataset_reader,simple_mlp_initializer,mcc_odds,0.2876238219396472,0.745,0.3474630196327308,0.0598391976930835,0.0165242165242165,0.0608548659744023
321,german_dataset_reader,simple_mlp_initializer,mcc_opportunity,0.3530712943121125,0.74,0.3537158318564244,0.0003222687721559,0.0896332114636159,0.0006445375443119
325,german_dataset_reader,simple_mlp_initializer,acc_parity,0.5356477906477907,0.745,0.3580702590282321,0.1851827226162332,0.2093522093522093,0.1407358156028368
329,german_dataset_reader,simple_mlp_initializer,acc_odds,0.5111763420178352,0.67,0.2483905058548326,0.1588236579821647,0.0903351141330742,0.0140758873929008
333,german_dataset_reader,simple_mlp_initializer,acc_opportunity,0.7047619047619048,0.74,0.2771921273936003,0.0677982590885816,0.0227901316517313,0.0352380952380951
337,german_dataset_reader,simple_mlp_initializer,mcc_parity,0.2617107137330958,0.72,0.3051401829284723,0.0803225806451612,0.0434294691953764,0.0806451612903225
341,german_dataset_reader,simple_mlp_initializer,mcc_odds,0.2301435179629799,0.755,0.3628988310643553,0.1327553131013753,0.1433823529411765,0.0717218063269742
345,german_dataset_reader,simple_mlp_initializer,mcc_opportunity,0.317101652779634,0.765,0.3932705818897395,0.0701357466063348,0.0093761269383338,0.0761689291101055
349,german_dataset_reader,simple_mlp_initializer,acc_parity,0.5943955655148013,0.72,0.2665204416289946,0.1132634032634032,0.1256044344851986,0.0994871794871795
353,german_dataset_reader,simple_mlp_initializer,acc_odds,0.683428623785963,0.76,0.3602166064270625,0.0765713762140369,0.0940829161853421,0.0825545171339563
357,german_dataset_reader,simple_mlp_initializer,acc_opportunity,0.543553539483772,0.725,0.3621108370144013,0.1208819604168441,0.140625,0.1814464605162279
