,overall_acc,bal_acc,avg_odds_diff,disp_imp,stat_par_diff,eq_opp_diff,theil_ind,protected_metrics_TPR,protected_metrics_TNR,protected_metrics_FPR,protected_metrics_FNR,protected_metrics_GTPR,protected_metrics_GTNR,protected_metrics_GFPR,protected_metrics_GFNR,protected_metrics_PPV,protected_metrics_NPV,protected_metrics_FDR,protected_metrics_FOR,protected_metrics_ACC,privileged_metrics_TPR,privileged_metrics_TNR,privileged_metrics_FPR,privileged_metrics_FNR,privileged_metrics_GTPR,privileged_metrics_GTNR,privileged_metrics_GFPR,privileged_metrics_GFNR,privileged_metrics_PPV,privileged_metrics_NPV,privileged_metrics_FDR,privileged_metrics_FOR,privileged_metrics_ACC,TPR,TNR,FPR,FNR,GTPR,GTNR,GFPR,GFNR,PPV,NPV,FDR,FOR,ACC,MCC,f1_score,privileged_demotion,privileged_promotion,protected_demotion,protected_promotion,method,dataset,solution_tf_history
0,0.8518518518518519,0.7745444561560746,0.10456801992323295,0.2905337230029432,0.19124642330422215,0.14001080580426062,0.12165942709481094,0.4969512195121951,0.9745762711864406,0.025423728813559324,0.5030487804878049,1.0,1.0,0.0,0.0,0.7117903930131004,0.9387755102040817,0.28820960698689957,0.061224489795918366,0.9209986320109439,0.6369620253164557,0.9054510371442354,0.0945489628557646,0.3630379746835443,1.0,1.0,0.0,0.0,0.7624242424242424,0.8396331916797137,0.23757575757575758,0.1603668083202863,0.8188204541741545,0.6170212765957447,0.9320676357164046,0.06793236428359538,0.3829787234042553,1.0,1.0,0.0,0.0,0.7562533262373603,0.876918783142618,0.2437466737626397,0.12308121685738208,0.8518518518518519,0.5896336022021146,0.6795791487326637,0.0,0.0,0.0,0.0,ftl_mlp_initializer,adult_dataset_reader,"{'loss': [0.4122443277894647, 0.3553736761851709, 0.3465003150478731, 0.3370444408576924, 0.33156775148587325, 0.3276511636086129, 0.32484780520492723, 0.3227792670661678, 0.32052495298237993, 0.3173401118452519, 0.316032135564223, 0.31545322677083665, 0.3135440895876965, 0.3137469468401172, 0.31226367881048067, 0.30981885588334956, 0.31026683887585493, 0.3096890374786998, 0.3086424919156566, 0.30747620084963523, 0.3061322789472072, 0.30661554422717285], 'val_loss': [0.3418984220395634, 0.3313045765300559, 0.32794583328130034, 0.32391948437018575, 0.3247902171100418, 0.3209164250681188, 0.32230970798901526, 0.32021415831635447, 0.31923199169473665, 0.31904908146497096, 0.31836477895676596, 0.3183731238706261, 0.3170912804492868, 0.3181100407972594, 0.3175396680700113, 0.31825155673796723, 0.31658416676745355, 0.3175087227568961, 0.31665713145233376, 0.31759947617453327, 0.3166475427322061, 0.31659666255668356]}"
1,0.8527363184079602,0.7769960518653329,0.09601926639222731,0.2974317879147515,0.19064953443450378,0.12170731707317073,0.12022257357336003,0.5182926829268293,0.9745762711864406,0.025423728813559324,0.4817073170731707,1.0,1.0,0.0,0.0,0.7203389830508474,0.9412202380952381,0.2796610169491525,0.058779761904761904,0.9233926128590971,0.64,0.9042450554751568,0.09575494452484322,0.36,1.0,1.0,0.0,0.0,0.7609873570138471,0.8405829596412556,0.2390126429861529,0.1594170403587444,0.8189838261721941,0.6226660877116804,0.9313260160189855,0.06867398398101454,0.3773339122883196,1.0,1.0,0.0,0.0,0.7559304164470216,0.8784275321768327,0.2440695835529784,0.12157246782316732,0.8527363184079602,0.5928147218789347,0.6828571428571428,0.0,0.0,0.0,0.05,ftl_mlp_initializer,adult_dataset_reader,"{'loss': [0.42574911208226585, 0.35936557930822716, 0.3472956950543184, 0.33925254161727164, 0.3337359337192843, 0.3298445651147805, 0.3252375586219632, 0.32184362156395757, 0.32145879628481894, 0.3185664089867134, 0.31702433588483997, 0.31570953994704726, 0.31481137787531627, 0.3121703919500965, 0.311838407854457, 0.3100296709691209, 0.3109492636905145, 0.30794249540952023, 0.30863752590448945, 0.3070144380949292, 0.3061977177181006, 0.30517998502047916, 0.3059424933527453, 0.304720751131821, 0.3023362306392787, 0.3032768481952259, 0.3016706931189752, 0.3003154119216435], 'val_loss': [0.343272086795092, 0.33009280186123846, 0.32650894030409666, 0.32656080639448004, 0.32176840102692345, 0.3195662890731333, 0.3176145853424283, 0.3181054185872054, 0.31481439401557787, 0.31510629347175967, 0.31679296408686736, 0.3139242613229915, 0.31410475603251775, 0.31372125652727334, 0.31354894117138676, 0.3124538041432962, 0.31258449836486346, 0.3141374507123031, 0.3131921556096106, 0.3117125666293075, 0.3125034956855626, 0.31133590794321314, 0.31013420951537757, 0.3116517041914367, 0.3116415120072296, 0.3114365146692581, 0.3126275836268204, 0.31311204695879524]}"
2,0.8529574350469873,0.7807180295573609,0.056823183819130214,0.3491035035127038,0.1772658813338217,0.04904291447977771,0.11794162478787808,0.5914634146341463,0.9676425269645609,0.032357473035439135,0.40853658536585363,1.0,1.0,0.0,0.0,0.697841726618705,0.9493575207860923,0.302158273381295,0.050642479213907785,0.9254445964432284,0.640506329113924,0.9030390738060782,0.09696092619392185,0.3594936708860759,1.0,1.0,0.0,0.0,0.7588482303539292,0.8405927256398743,0.2411517696460708,0.15940727436012572,0.818330338180036,0.6335214937038646,0.9279145654108573,0.07208543458914268,0.3664785062961355,1.0,1.0,0.0,0.0,0.7501285347043701,0.8811267605633802,0.2498714652956298,0.11887323943661972,0.8529574350469873,0.5953230091894869,0.6869114877589454,0.0,0.0,0.0,0.1,ftl_mlp_initializer,adult_dataset_reader,"{'loss': [0.41194358529108427, 0.35805923395446254, 0.3472601941945259, 0.33908671597879536, 0.3333935359952681, 0.32916352464037574, 0.32455369722946054, 0.3231315533616677, 0.3205340502019296, 0.31791022202354885, 0.31732361578246426, 0.3164619633808319, 0.3150275524738486, 0.31148476137250564, 0.31150365304535366, 0.31087602964252037, 0.30855040370332415, 0.3088887332670848, 0.3069891241653139, 0.3074182127435493, 0.30657631885419956, 0.3046264761023441, 0.3051545116430843, 0.3037645141676349, 0.3046265088410543], 'val_loss': [0.34052590112319764, 0.3310174512032846, 0.32452997079272505, 0.3208070022582744, 0.3192748113717079, 0.31851923772153967, 0.3168083740209861, 0.3183442954449709, 0.31676703011086793, 0.317710103251909, 0.31616418227561605, 0.31671178711587517, 0.3172830268946585, 0.31536257810655915, 0.3154418375888801, 0.3154999145557368, 0.31440355933918485, 0.31564559206374776, 0.3169639288489498, 0.3143357489486634, 0.3150884396648328, 0.3169716408794397, 0.31648830317409743, 0.3162058754939938, 0.316857289714402]}"
3,0.8531785516860144,0.7781503766449112,0.041642213944623696,0.3743703948883261,0.1651719395295646,0.028757332510033984,0.1195488725686008,0.600609756097561,0.9645608628659477,0.03543913713405239,0.39939024390243905,1.0,1.0,0.0,0.0,0.6816608996539792,0.9502846299810247,0.31833910034602075,0.04971537001897533,0.923734610123119,0.6293670886075949,0.9100337674867341,0.0899662325132658,0.37063291139240506,1.0,1.0,0.0,0.0,0.7691831683168316,0.8375138734739178,0.23081683168316833,0.16248612652608213,0.8194739421663126,0.6252713851498046,0.9310293681400178,0.0689706318599822,0.3747286148501954,1.0,1.0,0.0,0.0,0.7559055118110236,0.8791316526610644,0.2440944881889764,0.12086834733893558,0.8531785516860144,0.5943665981217783,0.6844106463878328,0.0,0.0,0.0,0.15000000000000002,ftl_mlp_initializer,adult_dataset_reader,"{'loss': [0.4159453242377379, 0.36050983017469024, 0.34747737489489455, 0.33774367716707904, 0.33266617884459154, 0.32972749579014665, 0.3260410350893774, 0.32263278232759757, 0.32010930684742417, 0.3185191058832274, 0.31633289154728705, 0.31513146872441217, 0.31384912834499124, 0.31257297193144745, 0.3108553988940007, 0.3114001771394581, 0.31007458210694433, 0.30908167930360236, 0.30888713217784086, 0.30690269771871936], 'val_loss': [0.3424639110080177, 0.330390645398034, 0.3253932093934765, 0.32253848227959037, 0.32327157835593995, 0.318268118970891, 0.3195119189616394, 0.31880224139865687, 0.31841333866976057, 0.3162690239627431, 0.31486714611137817, 0.31669225395879014, 0.31685946002857934, 0.3147118051385537, 0.31433871981516404, 0.3158683009968732, 0.3152596415934344, 0.3161908436202093, 0.3162135332246193, 0.3168042588293256]}"
4,0.8515201768933113,0.780325708551123,0.04514905382929975,0.37251616546684163,0.17109467731348493,0.029737573325100408,0.11804646417997636,0.6097560975609756,0.9626348228043143,0.03736517719568567,0.3902439024390244,1.0,1.0,0.0,0.0,0.6734006734006734,0.9512752188808526,0.3265993265993266,0.04872478111914732,0.9230506155950753,0.639493670886076,0.9020742884708153,0.09792571152918475,0.36050632911392405,1.0,1.0,0.0,0.0,0.7567405632115038,0.8400718778077269,0.2432594367884961,0.15992812219227315,0.8173501061917987,0.6352583586626139,0.9253930584396322,0.07460694156036785,0.364741641337386,1.0,1.0,0.0,0.0,0.7441505595116988,0.8813391721994632,0.2558494404883011,0.1186608278005368,0.8515201768933113,0.5921838434698862,0.6854064183649566,0.0,0.0,0.0,0.2,ftl_mlp_initializer,adult_dataset_reader,"{'loss': [0.41978494383893805, 0.35973198094068193, 0.34849980725143376, 0.3392313749926247, 0.3350656554645232, 0.33048281645287153, 0.3266062585609456, 0.3248947258159853, 0.3222026592909717, 0.3203078378390657, 0.3187874099175348, 0.317721020497489, 0.3157356471594914, 0.31435912862347315, 0.31380131355121793, 0.3124584987287736, 0.312336461397547, 0.3100645131828517, 0.3092553847414727, 0.3086161770535473], 'val_loss': [0.3510600372267534, 0.3341135527957138, 0.3298742100555242, 0.32331915040777953, 0.3214857163038486, 0.31970440849637116, 0.31704614501324985, 0.3158401136835877, 0.31648212654805435, 0.3143576170905247, 0.31622208154880255, 0.3151451162767384, 0.31639964236878376, 0.31444394155191807, 0.3139747340188888, 0.3155024602243161, 0.3161196255466436, 0.31535885840110717, 0.3153296067544675, 0.3145112106406669]}"
5,0.8568269762299613,0.7866014599506685,0.037635640869359985,0.39879691065940737,0.1613750491401068,0.021079036739734547,0.11466551273927883,0.6615853658536586,0.963020030816641,0.03697996918335902,0.3384146341463415,1.0,1.0,0.0,0.0,0.6932907348242812,0.9574875526618154,0.30670926517571884,0.0425124473381846,0.9292065663474692,0.640506329113924,0.9088277858176556,0.09117221418234443,0.3594936708860759,1.0,1.0,0.0,0.0,0.7699330493000609,0.8414470745868692,0.23006695069993913,0.15855292541313087,0.8222512661329848,0.6435084672166739,0.9296944526846633,0.0703055473153367,0.35649153278332607,1.0,1.0,0.0,0.0,0.7576687116564417,0.8841867682324729,0.24233128834355827,0.11581323176752716,0.8568269762299613,0.6065586824265232,0.6959380136182203,0.0,0.0,0.0,0.25,ftl_mlp_initializer,adult_dataset_reader,"{'loss': [0.4197428844137557, 0.3625611913491974, 0.35087639072437926, 0.3399608585017953, 0.3352571154787476, 0.3299745523214538, 0.32829518764071514, 0.32412493450697505, 0.3223988009700428, 0.32105273450452326, 0.31739250083876064, 0.3160703290632482, 0.3160351645763802, 0.3135606152221426, 0.31210075521788383, 0.31204290427030706, 0.31104772314765666, 0.3094965301758644, 0.30820947199654397, 0.30786143728210413, 0.3083369000277526, 0.3050309310359522, 0.30492358224325083, 0.30524838021992284, 0.3036561467170188, 0.3040159529460553, 0.3024027242292266, 0.3014735170799119], 'val_loss': [0.3504419879336065, 0.33706188160718115, 0.3306765276598891, 0.32465927880267664, 0.3222622806654245, 0.3205312024400404, 0.3186594009102873, 0.3187309033209082, 0.3182273955141529, 0.3172819391510775, 0.3167473284363944, 0.3174150460757492, 0.315740952938548, 0.3154142872116854, 0.3151347991871926, 0.3158249697710283, 0.3162366940195617, 0.3156255176296018, 0.316354869313501, 0.3149431636562131, 0.3159702781025648, 0.31690710899973523, 0.31473318047125476, 0.3153362822440397, 0.3170543980077856, 0.3171405024690612, 0.31827281014309067, 0.3193976727389973]}"
6,0.8528468767274737,0.7789285137863978,0.03324273586505701,0.4323397164235115,0.14773449301377983,0.02458011732016052,0.11903858947312454,0.649390243902439,0.9553158705701078,0.04468412942989214,0.35060975609756095,1.0,1.0,0.0,0.0,0.6474164133738601,0.9556840077071291,0.3525835866261398,0.04431599229287091,0.9209986320109439,0.6248101265822785,0.9134105161601543,0.08658948383984563,0.37518987341772153,1.0,1.0,0.0,0.0,0.7746390458254865,0.836351590106007,0.2253609541745135,0.16364840989399293,0.8202908021565104,0.6283108988276161,0.9295461287451795,0.07045387125482053,0.37168910117238385,1.0,1.0,0.0,0.0,0.7528616024973985,0.8798259160466095,0.24713839750260147,0.12017408395339042,0.8528468767274737,0.5940952604400815,0.6849704142011834,0.0,0.0,0.0,0.30000000000000004,ftl_mlp_initializer,adult_dataset_reader,"{'loss': [0.4118276309553677, 0.3575374928218309, 0.3457661004129296, 0.3395895286211456, 0.33414468458274454, 0.32862844791813345, 0.3264962697981792, 0.3246115071866014, 0.3214785668309825, 0.3211109944475331, 0.3176040484580922, 0.3153697253152279, 0.31581536798743864, 0.3153738242361593, 0.31226240019895085, 0.3121857079470047, 0.31072383019444455, 0.3088718755439296, 0.30961421935475353, 0.30907440491451116, 0.30705558501105956, 0.30590694299815946, 0.3047772684998417, 0.3054978252830214], 'val_loss': [0.34350417957179386, 0.3318890757969956, 0.3263971995028954, 0.32286632935799175, 0.3200601914464076, 0.32010245703741486, 0.3208268207202899, 0.3193915282052284, 0.31868489748078066, 0.31707225412937606, 0.32010956206593216, 0.31710493401508427, 0.31668122754431743, 0.3158180477656733, 0.31554634472887577, 0.3165096025594761, 0.31590450702944534, 0.31642269913566384, 0.3152857410802309, 0.3156456842549009, 0.31689582935613186, 0.3168989784270113, 0.31819598850392056, 0.31708695436789225]}"
7,0.8506357103372029,0.7790176820426788,0.050406006055907206,0.4445170660856936,0.14701557800051893,0.05456159308428532,0.11877226321160068,0.6798780487804879,0.9533898305084746,0.046610169491525424,0.3201219512195122,1.0,1.0,0.0,0.0,0.6482558139534884,0.9593023255813954,0.35174418604651164,0.040697674418604654,0.9227086183310533,0.6253164556962025,0.9071394114809455,0.09286058851905452,0.37468354430379747,1.0,1.0,0.0,0.0,0.7623456790123457,0.835592090646523,0.23765432098765432,0.16440790935347702,0.8162065022055219,0.6330872774641771,0.9249480866211807,0.07505191337881933,0.36691272253582286,1.0,1.0,0.0,0.0,0.7423625254582484,0.880666572518006,0.2576374745417515,0.11933342748199408,0.8506357103372029,0.5896374051270419,0.6833841106163581,0.0,0.0,0.0,0.35000000000000003,ftl_mlp_initializer,adult_dataset_reader,"{'loss': [0.41287832584489187, 0.35851265693670875, 0.3451441073204208, 0.3399107533983108, 0.3354130406427517, 0.33013979140731464, 0.328922138667494, 0.32454673285445357, 0.32316382238573016, 0.32085111263932664, 0.31736454031069744, 0.318622122374868, 0.3169743631956944, 0.3141369445828329, 0.31385790773214106, 0.31287888166319294, 0.312048311134152], 'val_loss': [0.34173012152108256, 0.3314675985613602, 0.32741620508987906, 0.323421006475515, 0.32178063134648904, 0.3195254650644468, 0.32067300457530024, 0.3205821263717643, 0.3198964124954228, 0.31874837328084205, 0.3206314946848625, 0.31767063304954896, 0.318664447947587, 0.319758318269892, 0.3188472778313459, 0.31842778030846774, 0.31793826021101673]}"
8,0.8501934770591487,0.7772915726626936,0.06403876934437228,0.4957620567606888,0.12974591743210506,0.09517598024081508,0.11980295178629208,0.7103658536585366,0.9460708782742681,0.053929121725731895,0.2896341463414634,1.0,1.0,0.0,0.0,0.6246648793565683,0.9627597020776166,0.3753351206434316,0.03724029792238338,0.9196306429548564,0.6151898734177215,0.9131693198263386,0.08683068017366136,0.3848101265822785,1.0,1.0,0.0,0.0,0.7714285714285715,0.8328200615926089,0.22857142857142856,0.16717993840739112,0.8170233621957197,0.6287451150673035,0.9258380302580836,0.07416196974191634,0.3712548849326965,1.0,1.0,0.0,0.0,0.7433264887063655,0.879526560518529,0.25667351129363447,0.12047343948147105,0.8501934770591487,0.587727660668315,0.6812514702422959,0.0,0.0,0.0,0.4,ftl_mlp_initializer,adult_dataset_reader,"{'loss': [0.41102087925995423, 0.3615213600153375, 0.34758182901060364, 0.3425290461021734, 0.3373898232139524, 0.33304088085815675, 0.3291433509825386, 0.3261493450136119, 0.32402348181437557, 0.32222467341452765, 0.3196171229224836, 0.31880866871528474, 0.31784033110065674, 0.31775099225714126, 0.31559151268630725, 0.31534032767156356, 0.31296457906089936, 0.31373973122363324, 0.3112929087102353], 'val_loss': [0.3428170175562912, 0.3327212489198228, 0.3286811727031678, 0.3246170918937544, 0.3233697581119864, 0.3234196296872982, 0.3247353230114468, 0.3204847011795487, 0.3209155189556071, 0.3201140072742439, 0.32096195580090786, 0.320806468238219, 0.32025749942688336, 0.31917510586525605, 0.3196989736829165, 0.31936960605180614, 0.32100649561059613, 0.32008442778558344, 0.32075536969355156]}"
9,0.8531785516860144,0.7840111687990836,0.05630626972850994,0.495008585046441,0.13257984052121702,0.08202222908305035,0.11592159026630654,0.7134146341463414,0.9437596302003082,0.05624036979969183,0.2865853658536585,1.0,1.0,0.0,0.0,0.6157894736842106,0.9630503144654088,0.38421052631578945,0.036949685534591194,0.9179206566347469,0.6313924050632911,0.9131693198263386,0.08683068017366136,0.36860759493670886,1.0,1.0,0.0,0.0,0.775980087118855,0.8387239698715109,0.22401991288114498,0.16127603012848915,0.8222512661329848,0.6430742509769866,0.9249480866211807,0.07505191337881933,0.35692574902301344,1.0,1.0,0.0,0.0,0.7453447408152994,0.8835364125814679,0.25465525918470056,0.11646358741853216,0.8531785516860144,0.5976776244965704,0.6904428904428904,0.0,0.0,0.0,0.45,ftl_mlp_initializer,adult_dataset_reader,"{'loss': [0.41215634752416086, 0.36077328597233577, 0.3518060745868245, 0.34281979981110655, 0.3387803072679899, 0.3332483689515676, 0.3289896520883556, 0.32736821230585034, 0.3238546816846282, 0.32329582512376864, 0.31983855082679064, 0.3205530377787774, 0.31905887705065145, 0.31714523064130545, 0.3153559914542239, 0.31404014088593535, 0.3145072852175009, 0.31296802991518624, 0.3119262873525976, 0.311420479145268], 'val_loss': [0.343699983301052, 0.3307423691201961, 0.3264689039399836, 0.3241116533363768, 0.32350814851560006, 0.3203411524041441, 0.3211877972233552, 0.32071574341203046, 0.3190598449303736, 0.3195453595314453, 0.31862244159889325, 0.3193809512802881, 0.3192769376413805, 0.3190505843652817, 0.318600161389266, 0.3204543108337818, 0.32147419999619753, 0.32134653435944854, 0.3193155283457407, 0.32029030756636706]}"
10,0.8490878938640133,0.7814101220687344,0.06849879968235906,0.5723531647321931,0.11115603903138063,0.12417721518987346,0.11711435265268676,0.75,0.9271956856702619,0.07280431432973807,0.25,1.0,1.0,0.0,0.0,0.5655172413793104,0.9670550421856167,0.43448275862068964,0.03294495781438329,0.9073187414500684,0.6258227848101265,0.9143753014954172,0.08562469850458274,0.3741772151898734,1.0,1.0,0.0,0.0,0.7768698931489629,0.8368653421633554,0.2231301068510371,0.1631346578366446,0.8212710341447476,0.6435084672166739,0.919311776920795,0.08068822307920498,0.35649153278332607,1.0,1.0,0.0,0.0,0.7314906219151036,0.8830317709075367,0.26850937808489633,0.11696822909246331,0.8490878938640133,0.5881034289615901,0.6846846846846847,0.0,0.0,0.0,0.5,ftl_mlp_initializer,adult_dataset_reader,"{'loss': [0.4187613284105663, 0.3613525159129999, 0.35107497414125227, 0.3428354512239587, 0.33742443900820246, 0.33316115002260294, 0.32878745409847315, 0.32898414908893175, 0.32600600279808384, 0.32545050544335147, 0.3233923521896864, 0.32155791162829417, 0.3207891241364494, 0.31870344547649987, 0.3179426407008716, 0.3175695287801991, 0.3158771477221139, 0.31443840410171237, 0.31418706730372886, 0.3135116590060123, 0.311291328684631, 0.31242561543261327, 0.31090907822857217, 0.3106980786345808], 'val_loss': [0.34826007407959686, 0.33702041913027786, 0.32906566511668706, 0.3272823379176832, 0.32567119924583243, 0.3249837034904476, 0.3258267704658972, 0.3234806187479716, 0.3230165926345216, 0.3222260692456996, 0.3216601689920167, 0.32107722777368747, 0.3213662817505857, 0.32061309077055694, 0.32314106864847486, 0.32056017125292074, 0.32061587357270643, 0.3220352292588035, 0.3201801419719403, 0.3214766679546858, 0.3223730865567346, 0.3220992510229135, 0.3203473866743696, 0.3205146572252477]}"
11,0.847208402432283,0.7791487455324095,0.0730429441155278,0.5629437516094618,0.11417300133580635,0.12772151898734174,0.11832338213025638,0.75,0.9291217257318952,0.07087827426810478,0.25,1.0,1.0,0.0,0.0,0.5720930232558139,0.967121090617482,0.42790697674418604,0.03287890938251804,0.9090287277701778,0.6222784810126583,0.9107573564881813,0.08924264351181863,0.3777215189873418,1.0,1.0,0.0,0.0,0.7686053783614759,0.8350287483414418,0.2313946216385241,0.16497125165855817,0.8176768501878778,0.6404689535388624,0.9178285375259567,0.0821714624740433,0.35953104646113765,1.0,1.0,0.0,0.0,0.7269590931493346,0.8819840364880274,0.27304090685066534,0.11801596351197263,0.847208402432283,0.5830706830888499,0.6809787626962142,0.0,0.0,0.0,0.55,ftl_mlp_initializer,adult_dataset_reader,"{'loss': [0.4263357206986392, 0.3679042815083847, 0.3538252711113015, 0.3453276763228813, 0.341477610182054, 0.33571712594220626, 0.33301389997697967, 0.32923259077330924, 0.3279902375302036, 0.3260016798416561, 0.32365071170462, 0.3228842409147363, 0.3226228077303862, 0.3203523214862404, 0.3199955741577247, 0.3173240946681374, 0.31640564995400533, 0.31575071963529744], 'val_loss': [0.34967464141057564, 0.3392550381854992, 0.33400903303627155, 0.33289718224305087, 0.3275851168277977, 0.3275558746539802, 0.32713352607520924, 0.3255615505380087, 0.3238514736006443, 0.32343197457035183, 0.32307722233750663, 0.3218621981117592, 0.32164111433601167, 0.32168477467241174, 0.3228247923011474, 0.322673837805137, 0.32184552451139525, 0.3218532693919851]}"
12,0.8388059701492537,0.7762284126839574,0.08160176626945606,0.6437193944791334,0.09540008371976808,0.16076258104353203,0.1191087760213764,0.7865853658536586,0.9052388289676425,0.09476117103235747,0.21341463414634146,1.0,1.0,0.0,0.0,0.5119047619047619,0.9710743801652892,0.4880952380952381,0.028925619834710745,0.8919288645690835,0.6258227848101265,0.9027978774722624,0.09720212252773758,0.3741772151898734,1.0,1.0,0.0,0.0,0.7541183648566199,0.8351182507809014,0.2458816351433801,0.16488174921909862,0.8134291782388499,0.6487190620929223,0.9037377632749926,0.09626223672500742,0.3512809379070777,1.0,1.0,0.0,0.0,0.6971535230984601,0.8827875977977397,0.3028464769015399,0.11721240220226022,0.8388059701492537,0.5660321815503292,0.6720647773279352,0.0,0.0,0.0,0.6000000000000001,ftl_mlp_initializer,adult_dataset_reader,"{'loss': [0.416152360088069, 0.3639901530609373, 0.35226729934183104, 0.34513135150538576, 0.34079379850173636, 0.33592647448625584, 0.33225030529930727, 0.3306401594235302, 0.3290908929509647, 0.3282271540050714, 0.32580551261244134, 0.3244946569899068, 0.3225568316641419, 0.3214444053896544, 0.3208743751766663, 0.3190864852332319, 0.3178589526953929], 'val_loss': [0.3527481969448003, 0.340879209681464, 0.3328045504965658, 0.3337477418749025, 0.329447156853146, 0.3274371896645455, 0.32741689345927577, 0.3276135735975701, 0.3255940147563856, 0.32705961762540836, 0.3258929743563819, 0.32411601951663965, 0.3264456376342763, 0.32631293313156645, 0.32568786872757804, 0.327275506002986, 0.3254122765206579]}"
13,0.8436705362078496,0.7814927854540265,0.09815292698682704,0.6895021802325582,0.08116263872372276,0.1821148502624267,0.11640463035769144,0.8109756097560976,0.8994607087827426,0.10053929121725731,0.18902439024390244,1.0,1.0,0.0,0.0,0.5047438330170778,0.9741343345848978,0.4952561669829222,0.025865665415102213,0.8895348837209303,0.6288607594936709,0.91365171249397,0.08634828750602991,0.3711392405063291,1.0,1.0,0.0,0.0,0.77625,0.8378677283786773,0.22375,0.1621322716213227,0.8217611501388662,0.6547980894485453,0.9081874814595076,0.09181251854049244,0.3452019105514546,1.0,1.0,0.0,0.0,0.7089797837329572,0.8850823937554206,0.2910202162670428,0.11491760624457936,0.8436705362078496,0.5783151685267952,0.6808126410835215,0.0,0.0,0.0,0.65,ftl_mlp_initializer,adult_dataset_reader,"{'loss': [0.42456345698999615, 0.3694938773323019, 0.35647736167529864, 0.3495988449010097, 0.34313271016504004, 0.3404201950981223, 0.33554709839961455, 0.3334781528150806, 0.3312978548561532, 0.32987675424904916, 0.32596911074036283, 0.3256122507751052, 0.32458758808741306, 0.3239301558596675, 0.3228069896086043, 0.3225046557399842, 0.321572809583077, 0.319457914179441, 0.3189641409213341, 0.31830509117320455], 'val_loss': [0.35669787774236245, 0.3430230294953004, 0.3380791392525367, 0.3346689723518555, 0.33207644501597, 0.3306192678104388, 0.3304617464410593, 0.3284258914955945, 0.3288639877434262, 0.3283907952164997, 0.32879223899000454, 0.33011781844794913, 0.33086533262098344, 0.32866911686475003, 0.3277017278128266, 0.3280873895350446, 0.3300973793925206, 0.3292605353693332, 0.33120940806063054, 0.33076400299504555]}"
14,0.8326147042564953,0.773361857729326,0.12243884533437065,0.7679114214435238,0.06150100872710415,0.2166424822476073,0.12003616778786155,0.8384146341463414,0.8767334360554699,0.12326656394453005,0.16158536585365854,1.0,1.0,0.0,0.0,0.46218487394957986,0.9772434521253757,0.5378151260504201,0.022756547874624302,0.8724350205198358,0.6217721518987341,0.904968644476604,0.09503135552339605,0.3782278481012658,1.0,1.0,0.0,0.0,0.7570900123304563,0.8339631029117581,0.24290998766954378,0.16603689708824182,0.8135925502368894,0.6526270082501086,0.8940967072085435,0.10590329279145654,0.34737299174989145,1.0,1.0,0.0,0.0,0.6779431664411367,0.8828353837141183,0.32205683355886333,0.11716461628588166,0.8326147042564953,0.5537065400466181,0.6650442477876106,0.0,0.0,0.0,0.7000000000000001,ftl_mlp_initializer,adult_dataset_reader,"{'loss': [0.41591593345174727, 0.3684193904457941, 0.3581916091098602, 0.35052332939733, 0.3448520654232878, 0.3418029327634446, 0.33658630953963065, 0.33506025305697634, 0.33349009630515986, 0.33190535464376947, 0.3312274718150785, 0.32908575651214284, 0.3277372212319026, 0.32702552378562083, 0.3257348573014903, 0.32481690767945726], 'val_loss': [0.3573391997086007, 0.34654069432835344, 0.3416841646595644, 0.33472034450457727, 0.3325141636194479, 0.3342997227306851, 0.33287436282390914, 0.3339306752018799, 0.3323116058997517, 0.33265199800958417, 0.3317006531178193, 0.3330970000024656, 0.33337396758903515, 0.33225626562299354, 0.33238175358147565, 0.3327097136418157]}"
15,0.8318407960199005,0.7812765467971368,0.13485752715832353,0.823149573042559,0.04856813718599223,0.22232016054337755,0.11473201702507314,0.8689024390243902,0.8551617873651772,0.1448382126348228,0.13109756097560976,1.0,1.0,0.0,0.0,0.43116490166414523,0.9809986743261158,0.5688350983358548,0.019001325673884226,0.856703146374829,0.6465822784810127,0.9025566811384467,0.0974433188615533,0.3534177215189873,1.0,1.0,0.0,0.0,0.7596668649613325,0.8427927927927928,0.24033313503866746,0.1572072072072072,0.8199640581604313,0.678245766391663,0.8843073272026105,0.1156926727973895,0.32175423360833694,1.0,1.0,0.0,0.0,0.6669513236549958,0.8894524839624048,0.3330486763450043,0.1105475160375951,0.8318407960199005,0.559470002111643,0.6725511302475781,0.0,0.0,0.0,0.75,ftl_mlp_initializer,adult_dataset_reader,"{'loss': [0.42330959390765005, 0.37330251790908303, 0.3617542760471896, 0.3548259577615251, 0.34929087448041035, 0.34528737407362015, 0.34129330523550305, 0.3398048788580951, 0.3362068792286711, 0.3362162593524342, 0.3337358051790916, 0.3320827980653166, 0.3324031306007299, 0.33025973359381283, 0.32963796321460204, 0.326965809943009], 'val_loss': [0.3626180464157813, 0.3498479198724147, 0.34344038472708055, 0.34212237036379745, 0.3406674969156781, 0.33703233426021834, 0.33630869896323595, 0.33444095799578955, 0.33633260545050525, 0.3354659889072526, 0.33376754140774806, 0.33463851129764877, 0.33512442582479957, 0.33735101004869916, 0.33495783759718645, 0.3350658689235837]}"
16,0.8247650635710337,0.7685251963279552,0.16759837744129374,0.9459891080365027,0.013941710390839024,0.2577848101265823,0.12188971640822073,0.875,0.8355161787365177,0.1644838212634823,0.125,1.0,1.0,0.0,0.0,0.4019607843137255,0.9814479638009049,0.5980392156862745,0.018552036199095023,0.8399452804377565,0.6172151898734177,0.912928123492523,0.08707187650747708,0.3827848101265823,1.0,1.0,0.0,0.0,0.7715189873417722,0.8335168465095794,0.22848101265822784,0.16648315349042062,0.8175134781898382,0.6539296569691706,0.8831207356867399,0.11687926431326016,0.34607034303082934,1.0,1.0,0.0,0.0,0.6564952048823016,0.8819434157902533,0.3435047951176983,0.1180565842097467,0.8247650635710337,0.5377440586871253,0.6552099195127257,0.0,0.0,0.0,0.8,ftl_mlp_initializer,adult_dataset_reader,"{'loss': [0.4384675816174254, 0.38224920403544005, 0.3692846255663949, 0.35973404900803385, 0.35619535489535464, 0.35337666987552663, 0.34852104472284356, 0.346107978486924, 0.34371286333147316, 0.3414591939925869, 0.34095008252564707, 0.3375396921458637, 0.33813435251239976, 0.3368679115923387, 0.33435201280045784, 0.3335809483156219, 0.33389217130195203, 0.3326608495478834], 'val_loss': [0.3658671427194818, 0.3570547285183416, 0.3524857023560981, 0.35078967490731316, 0.3476571601322832, 0.345693539294701, 0.3456549013333139, 0.3449708207527401, 0.34544403909516636, 0.34416008547500326, 0.3439745379291627, 0.3454561447194428, 0.34372708567141697, 0.3442868779976108, 0.34373374012308666, 0.3438911896637621, 0.34436037549990983, 0.345228356673218]}"
17,0.8143725815367606,0.768272440226998,0.19133794918717945,1.0709054887853224,0.019020880997467626,0.2659833281877123,0.1200246998744704,0.9024390243902439,0.7904468412942989,0.20955315870570107,0.0975609756097561,1.0,1.0,0.0,0.0,0.3523809523809524,0.9846449136276392,0.6476190476190476,0.015355086372360844,0.8030095759233926,0.6364556962025316,0.9071394114809455,0.09286058851905452,0.3635443037974683,1.0,1.0,0.0,0.0,0.7655298416565165,0.8396963607948202,0.23447015834348356,0.16030363920517973,0.8198006861623918,0.6743378202344767,0.8622070602195194,0.13779293978048057,0.32566217976552325,1.0,1.0,0.0,0.0,0.6257050765511684,0.8857229925339022,0.3742949234488316,0.11427700746609783,0.8143725815367606,0.5238359592353958,0.6491118077324973,0.0,0.0,0.0,0.8500000000000001,ftl_mlp_initializer,adult_dataset_reader,"{'loss': [0.428406083721864, 0.383812552080162, 0.3707538287071892, 0.36491194497980983, 0.3602240218288457, 0.3567800618299209, 0.3532343906538907, 0.351582890923074, 0.34895707441473217, 0.3465557371588069, 0.34730494242781534, 0.34543288402114497, 0.342950599280493, 0.34191812730973453, 0.3410095624837811, 0.34000748179901247, 0.338540081060278, 0.3376529279585651], 'val_loss': [0.37045634048231535, 0.35985840768890526, 0.3563052963624019, 0.3546175372541247, 0.35366007682366424, 0.35217005969939014, 0.3519309974626127, 0.35132712816058637, 0.351372250919516, 0.3503788779327525, 0.3512776112642125, 0.3506844902216499, 0.35037433142290386, 0.3514139703982044, 0.3519089579779908, 0.35120962610423995, 0.3528368343151756, 0.35197913103040374]}"
18,0.7997788833609729,0.7599125217220828,0.2218101665287995,1.2242785956629314,0.0608970798875661,0.28225069465884534,0.12241226280008052,0.9207317073170732,0.7419106317411402,0.2580893682588598,0.07926829268292683,1.0,1.0,0.0,0.0,0.31069958847736623,0.9866803278688525,0.6893004115226338,0.01331967213114754,0.761969904240766,0.6384810126582279,0.9032802701398939,0.09671972986010613,0.3615189873417721,1.0,1.0,0.0,0.0,0.7587244283995187,0.8398744113029827,0.24127557160048135,0.16012558869701726,0.8178402221859173,0.6786799826313504,0.8411450608128151,0.15885493918718482,0.32132001736864957,1.0,1.0,0.0,0.0,0.5933940774487472,0.8845733894868195,0.40660592255125283,0.11542661051318047,0.7997788833609729,0.4984570786584124,0.6331780433461616,0.0,0.0,0.0,0.9,ftl_mlp_initializer,adult_dataset_reader,"{'loss': [0.457801440728231, 0.3998712196265594, 0.3853087884774793, 0.3769495610993597, 0.3726739940301635, 0.3672876055276732, 0.36533705386425247, 0.3630416486186314, 0.3611141345751308, 0.3574529753202097, 0.35781809683037774, 0.35537849913347436, 0.35495124852438736, 0.3528351233921149, 0.35294842362777323, 0.35112669505161764, 0.3494743774068228, 0.3488717285899676, 0.3477570094396333, 0.3465574088549965], 'val_loss': [0.3884797979119471, 0.3775349636971456, 0.3706556420388177, 0.36917305247206395, 0.36859664488985366, 0.3661500371708403, 0.3665245863829877, 0.3644975224471738, 0.3641633049040753, 0.36628217641789323, 0.36443650495155927, 0.3643797046904936, 0.36384019286939623, 0.36503823517500994, 0.3630193962024153, 0.36346847044624236, 0.36502144879040105, 0.36397784567788666, 0.3647254022232665, 0.3648922233834591]}"
19,0.7611940298507462,0.7343158865823576,0.32058240036030966,1.735711299857672,0.19627782268707378,0.3345646804569311,0.1297231203904551,0.9664634146341463,0.6005392912172574,0.3994607087827427,0.03353658536585366,1.0,1.0,0.0,0.0,0.23412112259970458,0.9929936305732484,0.7658788774002954,0.0070063694267515925,0.6415868673050615,0.6318987341772152,0.9071394114809455,0.09286058851905452,0.3681012658227848,1.0,1.0,0.0,0.0,0.7642375995101041,0.8380124777183601,0.23576240048989588,0.16198752228163993,0.818330338180036,0.6795484151107252,0.7890833580539899,0.2109166419460101,0.32045158488927483,1.0,1.0,0.0,0.0,0.5239370605959156,0.8781776163750412,0.47606293940408434,0.12182238362495873,0.7611940298507462,0.4341010413307668,0.5916824196597353,0.0,0.0,0.0,0.9500000000000001,ftl_mlp_initializer,adult_dataset_reader,"{'loss': [0.4665097413720917, 0.41920658781368914, 0.4057048347618807, 0.3964526374543481, 0.39363617757756647, 0.38940458026754354, 0.3859968398459373, 0.38281981481842803, 0.38265142623606174, 0.3778270042943238, 0.3764996319362091, 0.37549005143325864, 0.37485881095718426, 0.37322857754128863, 0.371756389520653, 0.37266649753921666, 0.3700570198989749, 0.37064042864349916, 0.3697072494498283, 0.36803464739649766, 0.3657823778569228], 'val_loss': [0.40929137955323447, 0.3996587181170386, 0.39375964793926976, 0.3910000631333452, 0.39088172221328754, 0.38872274944240576, 0.38970069879652586, 0.3886209015460091, 0.38840800556706884, 0.3879656392675266, 0.38851769434081185, 0.3872830266778544, 0.3877614469011559, 0.38859610346023915, 0.3878858583516479, 0.38666038616313797, 0.3890653663145501, 0.3875350915245617, 0.3874807956635194, 0.3881841309496288, 0.38970690835504124]}"
